Transformation Number,Time Between Messages,Moving Average Time Between Messages,Translation_x,Filtered Translation_x,Translation_y,Filtered Translation_y,Translation_z,Filtered Translation_z,Rotation_x,Filtered Rotation_x,Rotation_y,Filtered Rotation_y,Rotation_z,Filtered Rotation_z,Rotation_w,Filtered Rotation_w
0,0.008061885833740234,0.008061885833740234,0.0,0.0,1.0,1.0,0.0,0.0,0.0,0.0,0.0,0.0,-1.845223508351025e-08,-1.845223508351025e-08,0.9999999999999998,0.9999999999999998
1,0.010849952697753906,0.009925484657287598,0.0,0.0,1.0,1.0,0.0,0.0,0.0,0.0,0.0,0.0,5.783213834486778e-07,2.799345741825838e-07,0.9999999999998328,0.9999999999999163
2,0.010136127471923828,0.009873151779174805,0.0,0.0,1.0,1.0,0.0,0.0,0.0,0.0,0.0,0.0,5.791050429489927e-07,5.783213834486778e-07,0.9999999999998324,0.9999999999998328
3,0.010781526565551758,0.009995341300964355,0.0,0.0,1.0,1.0,0.0,0.0,0.0,0.0,0.0,0.0,1.1041041583224032e-06,5.787132131988353e-07,0.9999999999993905,0.9999999999998326
4,0.009316205978393555,0.009982993386008523,0.0,0.0,1.0,1.0,0.0,0.0,0.0,0.0,0.0,0.0,1.0371893305774044e-06,8.081471867631985e-07,0.9999999999994621,0.9999999999996472
5,0.010805130004882812,0.00999767439705985,0.0,0.0,1.0,1.0,0.0,0.0,0.0,0.0,0.0,0.0,2.2064987994937487e-07,8.081471867631985e-07,0.9999999999999757,0.9999999999996472
6,0.009709835052490234,0.009982368350028992,0.0,0.0,1.0,1.0,0.0,0.0,0.0,0.0,0.0,0.0,-7.492164666444978e-10,6.289196052633897e-07,1.0,0.9999999999997189
7,0.008630990982055664,0.009985545102287741,0.0,0.0,1.0,1.0,0.0,0.0,0.0,0.0,0.0,0.0,-1.2605225803981232e-08,1.0995033174136519e-07,0.9999999999999999,0.9999999999999878
8,0.011121749877929688,0.009997615814208985,0.0,0.0,1.0,1.0,0.0,0.0,0.0,0.0,0.0,0.0,1.09803276271392e-06,1.0995033174136519e-07,0.9999999999993971,0.9999999999999878
9,0.011060714721679688,0.009997842358607872,0.0,0.0,1.0,1.0,0.0,0.0,0.0,0.0,0.0,0.0,4.171979461928622e-07,2.0822436486310886e-07,0.999999999999913,0.9999999999999565
10,0.00892949104309082,0.009992647171020507,0.0,0.0,1.0,1.0,0.0,0.0,0.0,0.0,0.0,0.0,-8.1314413409422e-09,2.0453325242596001e-07,1.0,0.9999999999999565
11,0.009107351303100586,0.009995213150978089,0.0,0.0,1.0,1.0,0.0,0.0,0.0,0.0,0.0,0.0,-1.4291418715589062e-08,2.0453325242596001e-07,0.9999999999999999,0.9999999999999565
12,0.009916067123413086,0.010000154551337747,0.0,0.0,1.0,1.0,0.0,0.0,0.0,0.0,0.0,0.0,1.0443749576261025e-07,4.8153027210834024e-08,0.9999999999999946,0.9999999999999972
13,0.010109186172485352,0.009993231573770212,0.0,0.0,1.0,1.0,0.0,0.0,0.0,0.0,0.0,0.0,2.6221935525435496e-07,4.8153027210834024e-08,0.9999999999999656,0.9999999999999972
14,0.009988784790039062,0.009999395671643709,0.0,0.0,1.0,1.0,0.0,0.0,0.0,0.0,0.0,0.0,1.5441200540422473e-07,1.2942475058341748e-07,0.999999999999988,0.9999999999999913
15,0.00864410400390625,0.009994082223801385,0.0,0.0,1.0,1.0,0.0,0.0,0.0,0.0,0.0,0.0,5.3146380342709396e-11,1.2942475058341748e-07,1.0,0.9999999999999913
16,0.009888887405395508,0.009994180635972457,0.0,0.0,1.0,1.0,0.0,0.0,0.0,0.0,0.0,0.0,1.0416386464484601e-07,1.2928793502453536e-07,0.9999999999999946,0.9999999999999913
17,0.008615493774414062,0.009993814892239042,0.0,0.0,1.0,1.0,0.0,0.0,0.0,0.0,0.0,0.0,1.4903726295232903e-07,1.2660056379858752e-07,0.9999999999999889,0.9999999999999918
18,0.00992584228515625,0.009997397920359736,0.0,0.0,1.0,1.0,0.0,0.0,0.0,0.0,0.0,0.0,1.5362662431073143e-07,1.2660056379858752e-07,0.9999999999999882,0.9999999999999918
19,0.009806394577026367,0.00999902578500601,0.0,0.0,1.0,1.0,0.0,0.0,0.0,0.0,0.0,0.0,-8.151974650871807e-10,1.2660056379858752e-07,1.0,0.9999999999999918
20,0.010080575942993164,0.009995475070167134,0.0,0.0,1.0,1.0,0.0,0.0,0.0,0.0,0.0,0.0,8.384872870910359e-07,1.5133194363153022e-07,0.9999999999996485,0.9999999999999886
21,0.009682893753051758,0.009998102845816776,0.0,0.0,1.0,1.0,0.0,0.0,0.0,0.0,0.0,0.0,1.5323321567173254e-07,1.5342991999123198e-07,0.9999999999999882,0.9999999999999882
22,0.009500741958618164,0.009998968769522274,0.0,0.0,1.0,1.0,0.0,0.0,0.0,0.0,0.0,0.0,4.093664324011633e-09,7.866343999787208e-08,1.0,0.9999999999999941
23,0.010390996932983398,0.009999381868462814,0.0,0.0,1.0,1.0,0.0,0.0,0.0,0.0,0.0,0.0,1.599902181162303e-08,8.461611874167778e-08,0.9999999999999999,0.999999999999994
24,0.010346412658691406,0.010000386604895958,0.0,0.0,1.0,1.0,0.0,0.0,0.0,0.0,0.0,0.0,-1.0099558966913946e-09,1.0046343067817332e-08,1.0,1.0
25,0.009610652923583984,0.009997762004031411,0.0,0.0,1.0,1.0,0.0,0.0,0.0,0.0,0.0,0.0,1.0421080400026267e-06,1.0046343067817332e-08,0.999999999999457,1.0
26,0.009011983871459961,0.00999791971067103,0.0,0.0,1.0,1.0,0.0,0.0,0.0,0.0,0.0,0.0,1.5250020046764187e-07,8.424961113963245e-08,0.9999999999999883,0.9999999999999941
27,0.009686470031738281,0.009999808811006091,0.0,0.0,1.0,1.0,0.0,0.0,0.0,0.0,0.0,0.0,1.4238758394569121e-08,8.336947943110549e-08,0.9999999999999999,0.9999999999999941
28,0.011245489120483398,0.009999997807905007,0.0,0.0,1.0,1.0,0.0,0.0,0.0,0.0,0.0,0.0,1.0994616717050493e-06,5.973041202351343e-07,0.9999999999993956,0.9999999999997227
29,0.010381460189819336,0.010000040273711156,0.0,0.0,1.0,1.0,0.0,0.0,0.0,0.0,0.0,0.0,3.587791547794052e-07,2.5563967762352353e-07,0.9999999999999356,0.999999999999962
30,0.008876562118530273,0.009997324510054155,0.0,0.0,1.0,1.0,0.0,0.0,0.0,0.0,0.0,0.0,1.4161774197773983e-08,1.8650895658698715e-07,0.9999999999999999,0.9999999999999678
31,0.008804082870483398,0.009998772117529022,0.0,0.0,1.0,1.0,0.0,0.0,0.0,0.0,0.0,0.0,7.77164347228351e-06,7.291204132422273e-07,0.9999999999698007,0.9999999999996656
32,0.010061025619506836,0.010000207113183062,0.0,0.0,1.0,1.0,0.0,0.0,0.0,0.0,0.0,0.0,2.152066004066926e-06,1.2554225794231655e-06,0.9999999999976843,0.99999999999881
33,0.011111974716186523,0.010000214948282614,0.0,0.0,1.0,1.0,0.0,0.0,0.0,0.0,0.0,0.0,2.1886361758932963e-06,2.170351089980111e-06,0.9999999999976049,0.9999999999976446
34,0.008719205856323242,0.00999741703271866,0.0,0.0,1.0,1.0,0.0,0.0,0.0,0.0,0.0,0.0,5.594658286225304e-07,2.170351089980111e-06,0.9999999999998435,0.9999999999976446
35,0.009691238403320312,0.009998550415039062,0.0,0.0,1.0,1.0,0.0,0.0,0.0,0.0,0.0,0.0,8.922616579814711e-08,1.355765916344728e-06,0.999999999999996,0.9999999999987639
36,0.009410858154296875,0.009999338785807292,0.0,0.0,1.0,1.0,0.0,0.0,0.0,0.0,0.0,0.0,1.483608700336697e-07,3.5391334932810006e-07,0.999999999999989,0.9999999999999163
37,0.010878324508666992,0.010000769048929214,0.0,0.0,1.0,1.0,0.0,0.0,0.0,0.0,0.0,0.0,1.347826396131446e-07,1.4157175482340716e-07,0.9999999999999909,0.99999999999999
38,0.00867319107055664,0.009997576475143433,0.0,0.0,1.0,1.0,0.0,0.0,0.0,0.0,0.0,0.0,1.0166459230021022e-08,1.1200440270564587e-07,0.9999999999999999,0.9999999999999934
39,0.011110544204711914,0.010000674660635178,0.0,0.0,1.0,1.0,0.0,0.0,0.0,0.0,0.0,0.0,1.0982593843242861e-06,1.4157175482340716e-07,0.9999999999993969,0.99999999999999
40,0.010681867599487305,0.010000387978644425,0.0,0.0,1.0,1.0,0.0,0.0,0.0,0.0,0.0,0.0,6.653342880041826e-07,4.000584638086636e-07,0.9999999999997786,0.9999999999998848
41,0.0106658935546875,0.009999365718276412,0.0,0.0,1.0,1.0,0.0,0.0,0.0,0.0,0.0,0.0,6.150092221981287e-08,3.6341760511199777e-07,0.9999999999999981,0.9999999999998883
42,0.009163618087768555,0.009998595714569092,0.0,0.0,1.0,1.0,0.0,0.0,0.0,0.0,0.0,0.0,1.4923141189448985e-07,4.0728284994933625e-07,0.9999999999999889,0.9999999999998838
43,0.011118650436401367,0.010000791838160614,0.0,0.0,1.0,1.0,0.0,0.0,0.0,0.0,0.0,0.0,1.4166684239121093e-07,1.454491271428504e-07,0.9999999999999899,0.9999999999999893
44,0.009810447692871094,0.009999839883101614,0.0,0.0,1.0,1.0,0.0,0.0,0.0,0.0,0.0,0.0,1.1014911427409405e-08,1.0158388230551191e-07,0.9999999999999999,0.999999999999994
45,0.011562347412109375,0.010000498144776672,0.0,0.0,1.0,1.0,0.0,0.0,0.0,0.0,0.0,0.0,1.0983166465192722e-06,1.454491271428504e-07,0.9999999999993968,0.9999999999999893
46,0.010454177856445312,0.010000054621034198,0.0,0.0,1.0,1.0,0.0,0.0,0.0,0.0,0.0,0.0,7.824750131913845e-07,4.620709277912977e-07,0.9999999999996938,0.9999999999998419
47,0.010273933410644531,0.009999345924894688,0.0,0.0,1.0,1.0,0.0,0.0,0.0,0.0,0.0,0.0,1.2249809919393013e-07,4.5248655619265727e-07,0.9999999999999925,0.9999999999998431
48,0.008275032043457031,0.009997511704762777,0.0,0.0,1.0,1.0,0.0,0.0,0.0,0.0,0.0,0.0,1.0983961828967562e-06,9.403958298553283e-07,0.9999999999993967,0.9999999999995453
49,0.010169744491577148,0.009998987679465665,0.0,0.0,1.0,1.0,0.0,0.0,0.0,0.0,0.0,0.0,1.4974824646962709e-07,4.6611162983050576e-07,0.9999999999999888,0.9999999999998412
50,0.010856389999389648,0.009999479343688566,0.0,0.0,1.0,1.0,0.0,0.0,0.0,0.0,0.0,0.0,1.464351824166874e-07,1.4809171444315723e-07,0.9999999999999892,0.999999999999989
51,0.010940313339233398,0.009999975850505214,0.0,0.0,1.0,1.0,0.0,0.0,0.0,0.0,0.0,0.0,1.1655837850454996e-08,1.4809171444315723e-07,0.9999999999999999,0.999999999999989
52,0.010549068450927734,0.009999924150693838,0.0,0.0,1.0,1.0,0.0,0.0,0.0,0.0,0.0,0.0,1.0986816219025207e-06,1.4809171444315723e-07,0.9999999999993965,0.999999999999989
53,0.008488178253173828,0.00999821319580078,0.0,0.0,1.0,1.0,0.0,0.0,0.0,0.0,0.0,0.0,8.986666271290324e-07,5.225509047728598e-07,0.9999999999995962,0.9999999999997927
54,0.011168718338012695,0.00999973387945266,0.0,0.0,1.0,1.0,0.0,0.0,0.0,0.0,0.0,0.0,1.5018644705655454e-07,5.244265370927934e-07,0.9999999999999887,0.9999999999997924
55,0.010201215744018555,0.009998107519675427,0.0,0.0,1.0,1.0,0.0,0.0,0.0,0.0,0.0,0.0,1.299692317965663e-07,5.244265370927934e-07,0.9999999999999916,0.9999999999997924
56,0.010458230972290039,0.010000522686884953,0.0,0.0,1.0,1.0,0.0,0.0,0.0,0.0,0.0,0.0,1.0986175407177182e-06,5.244265370927934e-07,0.9999999999993965,0.9999999999997924
57,0.011234045028686523,0.00999950996937196,0.0,0.0,1.0,1.0,0.0,0.0,0.0,0.0,0.0,0.0,2.1745106325658518e-07,1.8381875515656986e-07,0.9999999999999764,0.9999999999999825
58,0.010310649871826172,0.009999399042841214,0.0,0.0,1.0,1.0,0.0,0.0,0.0,0.0,0.0,0.0,1.0987421439343517e-06,6.580343019871517e-07,0.9999999999993964,0.9999999999996865
59,0.009086370468139648,0.009998660264191803,0.0,0.0,1.0,1.0,0.0,0.0,0.0,0.0,0.0,0.0,1.011462154413206e-06,1.0550398475654621e-06,0.9999999999994884,0.9999999999994424
60,0.008989334106445312,0.009998170067282285,0.0,0.0,1.0,1.0,0.0,0.0,0.0,0.0,0.0,0.0,1.5061296743112904e-07,6.144566088348956e-07,0.9999999999999887,0.9999999999997324
61,0.008932352066040039,0.009997919180097372,0.0,0.0,1.0,1.0,0.0,0.0,0.0,0.0,0.0,0.0,1.353749845322604e-07,5.810375609221675e-07,0.9999999999999908,0.9999999999997385
62,0.009073972702026367,0.009998598098754884,0.0,0.0,1.0,1.0,0.0,0.0,0.0,0.0,0.0,0.0,1.0983184948185636e-06,5.810375609221675e-07,0.9999999999993968,0.9999999999997385
63,0.010678291320800781,0.009998721954150077,0.0,0.0,1.0,1.0,0.0,0.0,0.0,0.0,0.0,0.0,3.3791862975116126e-07,2.4426579859114515e-07,0.9999999999999429,0.9999999999999658
64,0.00922083854675293,0.009998520106485446,0.0,0.0,1.0,1.0,0.0,0.0,0.0,0.0,0.0,0.0,-2.031733448148998e-09,2.3664680714171084e-07,1.0,0.9999999999999669
65,0.009652376174926758,0.009997895299171914,0.0,0.0,1.0,1.0,0.0,0.0,0.0,0.0,0.0,0.0,5.38741414578262e-07,4.3833002216471165e-07,0.9999999999998549,0.999999999999899
66,0.00934600830078125,0.009999444007873535,0.0,0.0,1.0,1.0,0.0,0.0,0.0,0.0,0.0,0.0,1.1075347228215416e-06,4.3833002216471165e-07,0.9999999999993867,0.999999999999899
67,0.010670900344848633,0.009999575133019306,0.0,0.0,1.0,1.0,0.0,0.0,0.0,0.0,0.0,0.0,4.5718559925335666e-07,4.979635069158094e-07,0.9999999999998955,0.9999999999998752
68,0.011039972305297852,0.009999479566301619,0.0,0.0,1.0,1.0,0.0,0.0,0.0,0.0,0.0,0.0,1.564823383566269e-07,4.979635069158094e-07,0.9999999999999878,0.9999999999998752
69,0.009808778762817383,0.009999363544659736,0.0,0.0,1.0,1.0,0.0,0.0,0.0,0.0,0.0,0.0,1.5087004112679333e-07,3.068339688049918e-07,0.9999999999999886,0.9999999999999416
70,0.009773015975952148,0.009999856390722532,0.0,0.0,1.0,1.0,0.0,0.0,0.0,0.0,0.0,0.0,1.4353350276341157e-07,1.5367618974171012e-07,0.9999999999999897,0.9999999999999882
71,0.01008915901184082,0.010000098049640655,0.0,0.0,1.0,1.0,0.0,0.0,0.0,0.0,0.0,0.0,1.0987165042217768e-06,1.5367618974171012e-07,0.9999999999993964,0.9999999999999882
72,0.009668588638305664,0.009998675593711492,0.0,0.0,1.0,1.0,0.0,0.0,0.0,0.0,0.0,0.0,6.477366667408103e-07,3.9930335393380186e-07,0.9999999999997902,0.9999999999998894
73,0.009495973587036133,0.009999957791081182,0.0,0.0,1.0,1.0,0.0,0.0,0.0,0.0,0.0,0.0,1.5090295057973388e-07,3.9931980866027213e-07,0.9999999999999886,0.9999999999998894
74,0.010832786560058594,0.01000002540391067,0.0,0.0,1.0,1.0,0.0,0.0,0.0,0.0,0.0,0.0,1.312989272466455e-07,3.9931980866027213e-07,0.9999999999999913,0.9999999999998894
75,0.009979248046875,0.009999826730015766,0.0,0.0,1.0,1.0,0.0,0.0,0.0,0.0,0.0,0.0,1.5109385564926417e-07,1.5099840311449902e-07,0.9999999999999886,0.9999999999999886
76,0.008760929107666016,0.00999863247671527,0.0,0.0,1.0,1.0,0.0,0.0,0.0,0.0,0.0,0.0,1.4788544908963e-07,1.4939419983468194e-07,0.999999999999989,0.9999999999999888
77,0.009154796600341797,0.009998787868590582,0.0,0.0,1.0,1.0,0.0,0.0,0.0,0.0,0.0,0.0,1.289040807428422e-08,1.3959218816813775e-07,0.9999999999999999,0.9999999999999902
78,0.009792089462280273,0.009999861284756969,0.0,0.0,1.0,1.0,0.0,0.0,0.0,0.0,0.0,0.0,1.0987876080112993e-06,1.4948965236944708e-07,0.9999999999993964,0.9999999999999888
79,0.010976791381835938,0.009999854743760516,0.0,0.0,1.0,1.0,0.0,0.0,0.0,0.0,0.0,0.0,8.39913728429765e-07,4.938995887596975e-07,0.9999999999996473,0.9999999999998181
80,0.00988626480102539,0.009999980760175128,0.0,0.0,1.0,1.0,0.0,0.0,0.0,0.0,0.0,0.0,1.5111022522162845e-07,4.955119768256967e-07,0.9999999999999886,0.9999999999998179
81,0.011087417602539062,0.009999784128848471,0.0,0.0,1.0,1.0,0.0,0.0,0.0,0.0,0.0,0.0,1.3636589556188723e-07,4.955119768256967e-07,0.9999999999999907,0.9999999999998179
82,0.00990152359008789,0.009999976374886253,0.0,0.0,1.0,1.0,0.0,0.0,0.0,0.0,0.0,0.0,1.6544911712270695e-07,1.582796711721677e-07,0.9999999999999863,0.9999999999999875
83,0.010045766830444336,0.009999773743447293,0.0,0.0,1.0,1.0,0.0,0.0,0.0,0.0,0.0,0.0,1.3041715263284462e-08,1.4373806039175784e-07,0.9999999999999999,0.9999999999999896
84,0.00863790512084961,0.009998397720592647,0.0,0.0,1.0,1.0,0.0,0.0,0.0,0.0,0.0,0.0,1.0987813821026218e-06,1.509075063422971e-07,0.9999999999993964,0.9999999999999885
85,0.010879278182983398,0.009999531335682668,0.0,0.0,1.0,1.0,0.0,0.0,0.0,0.0,0.0,0.0,1.0344722661053332e-06,5.999606916140201e-07,0.9999999999994649,0.9999999999997256
86,0.009349584579467773,0.009998732346754807,0.0,0.0,1.0,1.0,0.0,0.0,0.0,0.0,0.0,0.0,1.5128045083301292e-07,5.928763584691731e-07,0.9999999999999886,0.9999999999997267
87,0.010496854782104492,0.009999263704868784,0.0,0.0,1.0,1.0,0.0,0.0,0.0,0.0,0.0,0.0,1.406220912498567e-07,5.928763584691731e-07,0.9999999999999901,0.9999999999997267
88,0.008562088012695312,0.009998377676933042,0.0,0.0,1.0,1.0,0.0,0.0,0.0,0.0,0.0,0.0,3.606520992439227e-07,2.559662750384678e-07,0.9999999999999349,0.9999999999999618
89,0.010264158248901367,0.009999088784481617,0.0,0.0,1.0,1.0,0.0,0.0,0.0,0.0,0.0,0.0,1.3163753642686519e-08,1.459512710414348e-07,0.9999999999999999,0.9999999999999893
90,0.008976221084594727,0.009998107839513708,0.0,0.0,1.0,1.0,0.0,0.0,0.0,0.0,0.0,0.0,5.510243163923744e-07,2.506370952468897e-07,0.9999999999998481,0.9999999999999625
91,0.009102582931518555,0.009998861203591029,0.0,0.0,1.0,1.0,0.0,0.0,0.0,0.0,0.0,0.0,1.5137320596991746e-07,2.560126526069201e-07,0.9999999999999886,0.9999999999999618
92,0.010001182556152344,0.009998793661470473,0.0,0.0,1.0,1.0,0.0,0.0,0.0,0.0,0.0,0.0,1.4421707158978075e-07,1.477951387798491e-07,0.9999999999999896,0.9999999999999891
93,0.010260343551635742,0.009998856868940531,0.0,0.0,1.0,1.0,0.0,0.0,0.0,0.0,0.0,0.0,1.0985432348229479e-06,3.511987611811459e-07,0.9999999999993966,0.9999999999999183
94,0.010653257369995117,0.009999682424498385,0.0,0.0,1.0,1.0,0.0,0.0,0.0,0.0,0.0,0.0,5.510706329257408e-07,3.5122191944782914e-07,0.9999999999998481,0.9999999999999183
95,0.010331869125366211,0.00999975059971665,0.0,0.0,1.0,1.0,0.0,0.0,0.0,0.0,0.0,0.0,5.068441749663827e-08,3.476438522577608e-07,0.9999999999999987,0.9999999999999188
96,0.009827375411987305,0.009998972109048673,0.0,0.0,1.0,1.0,0.0,0.0,0.0,0.0,0.0,0.0,1.5129403707625447e-07,3.5118233500099764e-07,0.9999999999999886,0.9999999999999183
97,0.010751724243164062,0.01000015467051932,0.0,0.0,1.0,1.0,0.0,0.0,0.0,0.0,0.0,0.0,1.4724445171844547e-07,1.4926924439734995e-07,0.9999999999999891,0.9999999999999889
98,0.009768962860107422,0.010000024823581472,0.0,0.0,1.0,1.0,0.0,0.0,0.0,0.0,0.0,0.0,1.3301252987929505e-08,9.896443460754187e-08,0.9999999999999999,0.9999999999999939
99,0.011111021041870117,0.010000376785338041,0.0,0.0,1.0,1.0,0.0,0.0,0.0,0.0,0.0,0.0,1.0987387244474359e-06,1.4926924439734995e-07,0.9999999999993964,0.9999999999999889
100,0.008586645126342773,0.00999900585267602,0.0,0.0,1.0,1.0,0.0,0.0,0.0,0.0,0.0,0.0,7.443289774125825e-07,4.45786714565514e-07,0.999999999999723,0.9999999999998561
101,0.010022163391113281,0.009999241049473102,0.0,0.0,1.0,1.0,0.0,0.0,0.0,0.0,0.0,0.0,1.5146241194585688e-07,4.478956946792197e-07,0.9999999999999886,0.9999999999998558
102,0.009134292602539062,0.009999002375692692,0.0,0.0,1.0,1.0,0.0,0.0,0.0,0.0,0.0,0.0,1.515114875783036e-07,4.4792023249544307e-07,0.9999999999999885,0.9999999999998557
103,0.010084867477416992,0.009999673694316051,0.0,0.0,1.0,1.0,0.0,0.0,0.0,0.0,0.0,0.0,1.5035644143741254e-07,1.5148694976208024e-07,0.9999999999999887,0.9999999999999885
104,0.01060175895690918,0.009999696562223345,0.0,0.0,1.0,1.0,0.0,0.0,0.0,0.0,0.0,0.0,1.0987574419194526e-06,1.5148694976208024e-07,0.9999999999993964,0.9999999999999885
105,0.008314132690429688,0.009998713205027026,0.0,0.0,1.0,1.0,0.0,0.0,0.0,0.0,0.0,0.0,9.366352461503461e-07,5.440733668643249e-07,0.9999999999995614,0.9999999999997748
106,0.009634256362915039,0.009999536584924768,0.0,0.0,1.0,1.0,0.0,0.0,0.0,0.0,0.0,0.0,1.5150433041455305e-07,5.440697882824496e-07,0.9999999999999886,0.999999999999775
107,0.011072158813476562,0.009999869936737566,0.0,0.0,1.0,1.0,0.0,0.0,0.0,0.0,0.0,0.0,1.396794694187114e-07,5.440697882824496e-07,0.9999999999999902,0.999999999999775
108,0.008928060531616211,0.009998899107580787,0.0,0.0,1.0,1.0,0.0,0.0,0.0,0.0,0.0,0.0,1.8411397830739236e-07,1.678091543609727e-07,0.999999999999983,0.9999999999999858
109,0.010102033615112305,0.009999218795980726,0.0,0.0,1.0,1.0,0.0,0.0,0.0,0.0,0.0,0.0,1.3407175147861498e-08,1.4559189991663224e-07,0.9999999999999999,0.9999999999999893
110,0.01079416275024414,0.009999411416351264,0.0,0.0,1.0,1.0,0.0,0.0,0.0,0.0,0.0,0.0,1.098674977439763e-06,1.618967238630519e-07,0.9999999999993965,0.9999999999999867
111,0.010440826416015625,0.009999359691545341,0.0,0.0,1.0,1.0,0.0,0.0,0.0,0.0,0.0,0.0,1.0530496398438764e-06,6.185818090756344e-07,0.9999999999994456,0.9999999999997142
112,0.008351564407348633,0.009998351915747718,0.0,0.0,1.0,1.0,0.0,0.0,0.0,0.0,0.0,0.0,1.5138384856783152e-07,6.022167442058539e-07,0.9999999999999886,0.9999999999997171
113,0.010141611099243164,0.01000015403913415,0.0,0.0,1.0,1.0,0.0,0.0,0.0,0.0,0.0,0.0,1.0986919694031552e-06,1.0758623086418195e-06,0.9999999999993964,0.999999999999421
114,0.01043701171875,0.00999943684372637,0.0,0.0,1.0,1.0,0.0,0.0,0.0,0.0,0.0,0.0,3.803776640717842e-07,7.167136519578303e-07,0.9999999999999276,0.9999999999996866
115,0.009974002838134766,0.009999954394805126,0.0,0.0,1.0,1.0,0.0,0.0,0.0,0.0,0.0,0.0,1.3443590241024598e-08,2.6588075631980786e-07,0.9999999999999999,0.999999999999958
116,0.010760784149169922,0.009999533765551988,0.0,0.0,1.0,1.0,0.0,0.0,0.0,0.0,0.0,0.0,4.694570280053121e-07,4.2491734603854813e-07,0.9999999999998898,0.9999999999999087
117,0.010034322738647461,0.010000216758857339,0.0,0.0,1.0,1.0,0.0,0.0,0.0,0.0,0.0,0.0,1.514576251082639e-07,2.6591764459002406e-07,0.9999999999999886,0.999999999999958
118,0.010276079177856445,0.009999878803888957,0.0,0.0,1.0,1.0,0.0,0.0,0.0,0.0,0.0,0.0,1.0987390881564987e-06,3.1045732655678803e-07,0.9999999999993964,0.9999999999999392
119,0.011131763458251953,0.00999997935556929,0.0,0.0,1.0,1.0,0.0,0.0,0.0,0.0,0.0,0.0,5.726251308956341e-07,5.210410794504731e-07,0.999999999999836,0.9999999999998629
120,0.009445428848266602,0.009999564462456822,0.0,0.0,1.0,1.0,0.0,0.0,0.0,0.0,0.0,0.0,1.5157038579793838e-07,3.6209775834678626e-07,0.9999999999999885,0.9999999999999123
121,0.010576486587524414,0.010000183524155035,0.0,0.0,1.0,1.0,0.0,0.0,0.0,0.0,0.0,0.0,1.5146253273812196e-07,3.6209775834678626e-07,0.9999999999999886,0.9999999999999123
122,0.01100611686706543,0.010000170434562906,0.0,0.0,1.0,1.0,0.0,0.0,0.0,0.0,0.0,0.0,1.4801973651480867e-07,1.5151645926803017e-07,0.999999999999989,0.9999999999999885
123,0.008330583572387695,0.00999911823272705,0.0,0.0,1.0,1.0,0.0,0.0,0.0,0.0,0.0,0.0,1.295485514563915e-09,1.497411346264653e-07,1.0,0.9999999999999888
124,0.009638547897338867,0.009999620632862482,0.0,0.0,1.0,1.0,0.0,0.0,0.0,0.0,0.0,0.0,5.74176022283237e-07,1.497411346264653e-07,0.9999999999998351,0.9999999999999888
125,0.008683919906616211,0.00999907124787569,0.0,0.0,1.0,1.0,0.0,0.0,0.0,0.0,0.0,0.0,1.5186761515018019e-07,1.4994367583249444e-07,0.9999999999999885,0.9999999999999887
126,0.011455059051513672,0.010000282275732346,0.0,0.0,1.0,1.0,0.0,0.0,0.0,0.0,0.0,0.0,1.509513354495387e-07,1.5140947529985946e-07,0.9999999999999886,0.9999999999999885
127,0.01073145866394043,0.009999776440997456,0.0,0.0,1.0,1.0,0.0,0.0,0.0,0.0,0.0,0.0,1.3329618964164073e-08,1.5140947529985946e-07,0.9999999999999999,0.9999999999999885
128,0.011456489562988281,0.010000355449723608,0.0,0.0,1.0,1.0,0.0,0.0,0.0,0.0,0.0,0.0,1.0986127838561469e-06,1.5140947529985946e-07,0.9999999999993965,0.9999999999999885
129,0.010933160781860352,0.009999783540834114,0.0,0.0,1.0,1.0,0.0,0.0,0.0,0.0,0.0,0.0,9.564187382968072e-07,5.536850368731729e-07,0.9999999999995426,0.9999999999997655
130,0.00894784927368164,0.009999222245835167,0.0,0.0,1.0,1.0,0.0,0.0,0.0,0.0,0.0,0.0,1.5143897091895955e-07,5.539288546078833e-07,0.9999999999999886,0.9999999999997655
131,0.009799480438232422,0.009999137280917749,0.0,0.0,1.0,1.0,0.0,0.0,0.0,0.0,0.0,0.0,1.4061305064693358e-07,5.539288546078833e-07,0.9999999999999901,0.9999999999997655
132,0.010787487030029297,0.010000034023944596,0.0,0.0,1.0,1.0,0.0,0.0,0.0,0.0,0.0,0.0,2.814947481374732e-07,2.1646685952821638e-07,0.9999999999999604,0.9999999999999745
133,0.010265827178955078,0.009999822502705587,0.0,0.0,1.0,1.0,0.0,0.0,0.0,0.0,0.0,0.0,1.3330982762127522e-08,1.4602601078294656e-07,0.9999999999999999,0.9999999999999893
134,0.00963592529296875,0.009999847766635143,0.0,0.0,1.0,1.0,0.0,0.0,0.0,0.0,0.0,0.0,8.837564990852268e-07,2.110538993922034e-07,0.9999999999996094,0.9999999999999752
135,0.009080648422241211,0.009999459455995,0.0,0.0,1.0,1.0,0.0,0.0,0.0,0.0,0.0,0.0,1.513367611227773e-07,2.1641575463012526e-07,0.9999999999999886,0.9999999999999745
136,0.009287118911743164,0.009999103658174803,0.0,0.0,1.0,1.0,0.0,0.0,0.0,0.0,0.0,0.0,1.435900541379693e-07,1.474634076303733e-07,0.9999999999999897,0.9999999999999891
137,0.009682893753051758,0.00999964084068354,0.0,0.0,1.0,1.0,0.0,0.0,0.0,0.0,0.0,0.0,1.0985611242906328e-06,5.175466301040021e-07,0.9999999999993966,0.999999999999799
138,0.01043391227722168,0.00999976226756739,0.0,0.0,1.0,1.0,0.0,0.0,0.0,0.0,0.0,0.0,4.7531996699238023e-07,3.1332836405757877e-07,0.999999999999887,0.9999999999999378
139,0.009884834289550781,0.009999268518077383,0.0,0.0,1.0,1.0,0.0,0.0,0.0,0.0,0.0,0.0,1.3368621987197574e-08,3.0945501056517476e-07,0.9999999999999999,0.9999999999999383
140,0.009987115859985352,0.010000189514650967,0.0,0.0,1.0,1.0,0.0,0.0,0.0,0.0,0.0,0.0,3.938871465665973e-07,4.3460355677948876e-07,0.9999999999999224,0.9999999999999047
141,0.010015249252319336,0.00999999333780708,0.0,0.0,1.0,1.0,0.0,0.0,0.0,0.0,0.0,0.0,1.512218033017371e-07,2.725544749341672e-07,0.9999999999999886,0.9999999999999555
142,0.010434389114379883,0.009999804050996689,0.0,0.0,1.0,1.0,0.0,0.0,0.0,0.0,0.0,0.0,1.4520910905258056e-07,1.4821545617715881e-07,0.9999999999999895,0.999999999999989
143,0.009247303009033203,0.009999430347496355,0.0,0.0,1.0,1.0,0.0,0.0,0.0,0.0,0.0,0.0,1.339429633873124e-08,1.4821545617715881e-07,0.9999999999999999,0.999999999999989
144,0.01127004623413086,0.01000017925321469,0.0,0.0,1.0,1.0,0.0,0.0,0.0,0.0,0.0,0.0,1.0984668541433885e-06,1.4821545617715881e-07,0.9999999999993967,0.999999999999989
145,0.011032342910766602,0.010000054498541406,0.0,0.0,1.0,1.0,0.0,0.0,0.0,0.0,0.0,0.0,5.89152926654582e-07,3.6718101785358127e-07,0.9999999999998265,0.999999999999908
146,0.009211063385009766,0.010000001556343502,0.0,0.0,1.0,1.0,0.0,0.0,0.0,0.0,0.0,0.0,7.531322282728696e-08,3.322330747409345e-07,0.9999999999999971,0.9999999999999118
147,0.00927591323852539,0.009999673823787742,0.0,0.0,1.0,1.0,0.0,0.0,0.0,0.0,0.0,0.0,1.5140216835796086e-07,3.7027754750627143e-07,0.9999999999999886,0.9999999999999075
148,0.009841680526733398,0.0099998647663869,0.0,0.0,1.0,1.0,0.0,0.0,0.0,0.0,0.0,0.0,1.0984670497646854e-06,3.7027754750627143e-07,0.9999999999993967,0.9999999999999075
149,0.009040594100952148,0.009999249668444617,0.0,0.0,1.0,1.0,0.0,0.0,0.0,0.0,0.0,0.0,7.86157607314484e-07,4.6877988783622243e-07,0.9999999999996909,0.9999999999998397
150,0.011579275131225586,0.010000279125751264,0.0,0.0,1.0,1.0,0.0,0.0,0.0,0.0,0.0,0.0,1.5137566600209542e-07,4.6877988783622243e-07,0.9999999999999886,0.9999999999998397
151,0.010031938552856445,0.010000123659769693,0.0,0.0,1.0,1.0,0.0,0.0,0.0,0.0,0.0,0.0,1.0985183052090195e-06,9.423123285395847e-07,0.9999999999993966,0.9999999999995438
152,0.010123491287231445,0.00999979664895252,0.0,0.0,1.0,1.0,0.0,0.0,0.0,0.0,0.0,0.0,1.5146119825004636e-07,4.688094027822652e-07,0.9999999999999886,0.9999999999998397
153,0.010145187377929688,0.009999614859384203,0.0,0.0,1.0,1.0,0.0,0.0,0.0,0.0,0.0,0.0,1.509099810887166e-07,1.514184321260709e-07,0.9999999999999886,0.9999999999999886
154,0.011910438537597656,0.010000120181786386,0.0,0.0,1.0,1.0,0.0,0.0,0.0,0.0,0.0,0.0,1.09844459683628e-06,6.249528975431631e-07,0.9999999999993967,0.9999999999996927
155,0.0085906982421875,0.00999936697912998,0.0,0.0,1.0,1.0,0.0,0.0,0.0,0.0,0.0,0.0,9.787031474744135e-07,5.6508217286223e-07,0.999999999999521,0.9999999999997549
156,0.009063243865966797,0.009999511613474264,0.0,0.0,1.0,1.0,0.0,0.0,0.0,0.0,0.0,0.0,1.5137165076950457e-07,5.650373991219591e-07,0.9999999999999886,0.9999999999997549
157,0.00997614860534668,0.009999450252902123,0.0,0.0,1.0,1.0,0.0,0.0,0.0,0.0,0.0,0.0,1.098243010755119e-06,1.0384730791147664e-06,0.9999999999993969,0.999999999999459
158,0.010994911193847656,0.010000037163803257,0.0,0.0,1.0,1.0,0.0,0.0,0.0,0.0,0.0,0.0,3.0408541285849415e-07,6.413942801664538e-07,0.9999999999999537,0.9999999999997373
159,0.010298013687133789,0.010000111785116075,0.0,0.0,1.0,1.0,0.0,0.0,0.0,0.0,0.0,0.0,1.515127461271243e-07,2.2779907949280923e-07,0.9999999999999885,0.9999999999999711
160,0.010854482650756836,0.009999715685844422,0.0,0.0,1.0,1.0,0.0,0.0,0.0,0.0,0.0,0.0,1.0983531417705373e-06,7.011642118068065e-07,0.9999999999993968,0.9999999999996754
161,0.009568929672241211,0.009999601879667551,0.0,0.0,1.0,1.0,0.0,0.0,0.0,0.0,0.0,0.0,4.963876328047076e-07,4.002365228316009e-07,0.9999999999998768,0.9999999999999152
162,0.008936166763305664,0.009999446987365344,0.0,0.0,1.0,1.0,0.0,0.0,0.0,0.0,0.0,0.0,1.5144274967404617e-07,3.2395018946591596e-07,0.9999999999999886,0.9999999999999326
163,0.010883092880249023,0.010000140584136357,0.0,0.0,1.0,1.0,0.0,0.0,0.0,0.0,0.0,0.0,1.360755386148323e-07,3.239151912393769e-07,0.9999999999999907,0.9999999999999327
164,0.011370658874511719,0.010000141097767519,0.0,0.0,1.0,1.0,0.0,0.0,0.0,0.0,0.0,0.0,2.7898171444920144e-08,1.4375914414443924e-07,0.9999999999999996,0.9999999999999896
165,0.00868988037109375,0.009999302121027847,0.0,0.0,1.0,1.0,0.0,0.0,0.0,0.0,0.0,0.0,1.5144955711754396e-07,1.4375914414443924e-07,0.9999999999999886,0.9999999999999896
166,0.009675264358520508,0.009999115678513087,0.0,0.0,1.0,1.0,0.0,0.0,0.0,0.0,0.0,0.0,1.4705713817199604e-07,1.4156633839341416e-07,0.9999999999999891,0.9999999999999899
167,0.009011268615722656,0.009999365228595156,0.0,0.0,1.0,1.0,0.0,0.0,0.0,0.0,0.0,0.0,1.0980726405926969e-06,1.4925334764477e-07,0.9999999999993971,0.9999999999999889
168,0.011007070541381836,0.009999992772395617,0.0,0.0,1.0,1.0,0.0,0.0,0.0,0.0,0.0,0.0,6.873942404230916e-07,4.194218987703178e-07,0.9999999999997637,0.9999999999998761
169,0.00987553596496582,0.00999995398234172,0.0,0.0,1.0,1.0,0.0,0.0,0.0,0.0,0.0,0.0,1.513729097624145e-07,4.1938357509275306e-07,0.9999999999999886,0.9999999999998761
170,0.010466337203979492,0.010000041694868178,0.0,0.0,1.0,1.0,0.0,0.0,0.0,0.0,0.0,0.0,1.514098890709187e-07,4.1940206474700517e-07,0.9999999999999886,0.9999999999998761
171,0.00930023193359375,0.009999599088900874,0.0,0.0,1.0,1.0,0.0,0.0,0.0,0.0,0.0,0.0,1.4860660828492072e-07,1.513913994166666e-07,0.9999999999999889,0.9999999999999886
172,0.010920524597167969,0.009999926696867632,0.0,0.0,1.0,1.0,0.0,0.0,0.0,0.0,0.0,0.0,1.3486023631159586e-08,1.499897590236676e-07,0.9999999999999999,0.9999999999999887
173,0.008664131164550781,0.009999353273779946,0.0,0.0,1.0,1.0,0.0,0.0,0.0,0.0,0.0,0.0,1.0983282492380576e-06,1.500082486779197e-07,0.9999999999993968,0.9999999999999887
174,0.011079072952270508,0.010000195822620505,0.0,0.0,1.0,1.0,0.0,0.0,0.0,0.0,0.0,0.0,8.058910475493474e-07,4.772488279171341e-07,0.9999999999996753,0.9999999999998321
175,0.009489774703979492,0.00999980544486241,0.0,0.0,1.0,1.0,0.0,0.0,0.0,0.0,0.0,0.0,1.512617124888033e-07,4.785763800190753e-07,0.9999999999999886,0.9999999999998319
176,0.011647939682006836,0.010000301159430887,0.0,0.0,1.0,1.0,0.0,0.0,0.0,0.0,0.0,0.0,1.3963376845755542e-07,4.785763800190753e-07,0.9999999999999902,0.9999999999998319
177,0.009355306625366211,0.00999952561593469,0.0,0.0,1.0,1.0,0.0,0.0,0.0,0.0,0.0,0.0,1.5137597886294376e-07,1.5131884567587353e-07,0.9999999999999886,0.9999999999999886
178,0.011432647705078125,0.010000280932896698,0.0,0.0,1.0,1.0,0.0,0.0,0.0,0.0,0.0,0.0,1.51113453801654e-07,1.5118758314522866e-07,0.9999999999999886,0.9999999999999886
179,0.01001882553100586,0.010000092133708383,0.0,0.0,1.0,1.0,0.0,0.0,0.0,0.0,0.0,0.0,1.3492701844697311e-08,1.453736111296047e-07,0.9999999999999999,0.9999999999999893
180,0.011117219924926758,0.010000270256881452,0.0,0.0,1.0,1.0,0.0,0.0,0.0,0.0,0.0,0.0,1.0984347114104687e-06,1.512447163322989e-07,0.9999999999993967,0.9999999999999886
181,0.010875701904296875,0.00999998746941623,0.0,0.0,1.0,1.0,0.0,0.0,0.0,0.0,0.0,0.0,9.982974830921166e-07,5.747054684468853e-07,0.9999999999995017,0.9999999999997451
182,0.00956106185913086,0.009999572824348104,0.0,0.0,1.0,1.0,0.0,0.0,0.0,0.0,0.0,0.0,1.5145714526987267e-07,5.748773141809947e-07,0.9999999999999886,0.9999999999997451
183,0.010533809661865234,0.010018637922943616,0.0,0.0,1.0,1.0,0.0,0.0,0.0,0.0,0.0,0.0,1.0983603138112764e-06,1.0483288984516966e-06,0.9999999999993968,0.9999999999994493
184,0.00814962387084961,0.010015851757058172,0.0,0.0,1.0,1.0,0.0,0.0,0.0,0.0,0.0,0.0,3.244553526647584e-07,6.613764178784376e-07,0.9999999999999474,0.9999999999997246
185,0.008994817733764648,0.010016236814894887,0.0,0.0,1.0,1.0,0.0,0.0,0.0,0.0,0.0,0.0,1.3494908746025661e-08,2.3795624896731553e-07,0.9999999999999999,0.999999999999968
186,0.011398553848266602,0.01001688759884087,0.0,0.0,1.0,1.0,0.0,0.0,0.0,0.0,0.0,0.0,7.058502918604098e-07,5.151528222625842e-07,0.9999999999997509,0.9999999999998491
187,0.00923776626586914,0.010016196065669437,0.0,0.0,1.0,1.0,0.0,0.0,0.0,0.0,0.0,0.0,1.51284322624789e-07,2.378698376447737e-07,0.9999999999999886,0.999999999999968
188,0.010152101516723633,0.010015999350837494,0.0,0.0,1.0,1.0,0.0,0.0,0.0,0.0,0.0,0.0,5.13924206137523e-07,3.32604264381156e-07,0.9999999999998679,0.9999999999999283
189,0.010671615600585938,0.010015944520870368,0.0,0.0,1.0,1.0,0.0,0.0,0.0,0.0,0.0,0.0,3.0500488193889334e-08,3.32604264381156e-07,0.9999999999999996,0.9999999999999283
190,0.009978294372558594,0.010015449539332475,0.0,0.0,1.0,1.0,0.0,0.0,0.0,0.0,0.0,0.0,1.5132882058566058e-07,1.5130657160522479e-07,0.9999999999999886,0.9999999999999886
191,0.009723424911499023,0.010015672327173413,0.0,0.0,1.0,1.0,0.0,0.0,0.0,0.0,0.0,0.0,1.3497041706500571e-08,9.091465438977495e-08,0.9999999999999999,0.999999999999994
192,0.009044885635375977,0.010015310767369393,0.0,0.0,1.0,1.0,0.0,0.0,0.0,0.0,0.0,0.0,8.730943449755031e-08,5.890496134571982e-08,0.9999999999999962,0.9999999999999979
193,0.00937652587890625,0.010015399227334383,0.0,0.0,1.0,1.0,0.0,0.0,0.0,0.0,0.0,0.0,1.0085319388430556e-07,9.408131419092793e-08,0.9999999999999949,0.9999999999999956
194,0.01056361198425293,0.010015154234951681,0.0,0.0,1.0,1.0,0.0,0.0,0.0,0.0,0.0,0.0,1.5128794994545505e-07,9.408131419092793e-08,0.9999999999999886,0.9999999999999956
195,0.03199267387390137,0.010030240271324034,0.0,0.0,1.0,1.0,0.0,0.0,0.0,0.0,0.0,0.0,1.0981680282904378e-06,1.260705719148803e-07,0.999999999999397,0.9999999999999918
196,0.015541791915893555,0.01003527367966072,0.0,0.0,1.0,1.0,0.0,0.0,0.0,0.0,0.0,0.0,8.255869665009974e-07,4.884374582232262e-07,0.9999999999996592,0.9999999999998239
197,0.011614799499511719,0.0100418418090536,0.0,0.0,1.0,1.0,0.0,0.0,0.0,0.0,0.0,0.0,1.397940377861391e-07,4.884374582232262e-07,0.9999999999999902,0.9999999999998239
198,0.010905981063842773,0.01004164042114352,0.0,0.0,1.0,1.0,0.0,0.0,0.0,0.0,0.0,0.0,1.0983103788662094e-06,9.618774973957175e-07,0.9999999999993968,0.9999999999995282
199,0.010894536972045898,0.010040954920490092,0.0,0.0,1.0,1.0,0.0,0.0,0.0,0.0,0.0,0.0,1.5136929354397868e-07,4.88478130022488e-07,0.9999999999999886,0.9999999999998239
200,0.009422063827514648,0.010045205981435976,0.0,0.0,1.0,1.0,0.0,0.0,0.0,0.0,0.0,0.0,1.3510021323881464e-08,1.455816656650589e-07,0.9999999999999999,0.9999999999999893
201,0.008642196655273438,0.010045112816508887,0.0,0.0,1.0,1.0,0.0,0.0,0.0,0.0,0.0,0.0,5.211529082548128e-08,1.0174229218472998e-07,0.9999999999999987,0.9999999999999936
202,0.010095596313476562,0.010045313218231433,0.0,0.0,1.0,1.0,0.0,0.0,0.0,0.0,0.0,0.0,1.5132130526396228e-07,1.0171829804472178e-07,0.9999999999999886,0.9999999999999936
203,0.010076761245727539,0.010045217545651599,0.0,0.0,1.0,1.0,0.0,0.0,0.0,0.0,0.0,0.0,1.0979754219151446e-06,1.0171829804472178e-07,0.9999999999993973,0.9999999999999936
204,0.010595321655273438,0.010045138783509924,0.0,0.0,1.0,1.0,0.0,0.0,0.0,0.0,0.0,0.0,3.4412475975377906e-07,2.477230325088707e-07,0.9999999999999408,0.9999999999999647
205,0.009896278381347656,0.010044815290157976,0.0,0.0,1.0,1.0,0.0,0.0,0.0,0.0,0.0,0.0,6.22088124388897e-07,4.83106442071338e-07,0.9999999999998065,0.9999999999998737
206,0.009525299072265625,0.010044692236264703,0.0,0.0,1.0,1.0,0.0,0.0,0.0,0.0,0.0,0.0,1.5114011664429885e-07,4.83106442071338e-07,0.9999999999999886,0.9999999999998737
207,0.010198831558227539,0.010044376310245944,0.0,0.0,1.0,1.0,0.0,0.0,0.0,0.0,0.0,0.0,1.4487853976391237e-07,2.47632438199039e-07,0.9999999999999895,0.9999999999999647
208,0.01060628890991211,0.010044287957729282,0.0,0.0,1.0,1.0,0.0,0.0,0.0,0.0,0.0,0.0,1.0982097760068328e-06,3.8661412051659794e-07,0.9999999999993969,0.9999999999998975
209,0.010356664657592773,0.01004371290631698,0.0,0.0,1.0,1.0,0.0,0.0,0.0,0.0,0.0,0.0,5.369328232710863e-07,3.4403646995769257e-07,0.9999999999998559,0.9999999999999223
210,0.01045989990234375,0.010044025712220161,0.0,0.0,1.0,1.0,0.0,0.0,0.0,0.0,0.0,0.0,1.5130239350291621e-07,3.4411760838700125e-07,0.9999999999999886,0.9999999999999223
211,0.009679317474365234,0.010043587447479116,0.0,0.0,1.0,1.0,0.0,0.0,0.0,0.0,0.0,0.0,1.5124062269222751e-07,3.4411760838700125e-07,0.9999999999999886,0.9999999999999223
212,0.012232303619384766,0.010044168989552698,0.0,0.0,1.0,1.0,0.0,0.0,0.0,0.0,0.0,0.0,1.4747361352137735e-07,1.5127150809757186e-07,0.9999999999999891,0.9999999999999886
213,0.008379459381103516,0.010043196903923834,0.0,0.0,1.0,1.0,0.0,0.0,0.0,0.0,0.0,0.0,1.09798428771213e-06,1.5127150809757186e-07,0.9999999999993971,0.9999999999999886
214,0.008975982666015625,0.010042991811330388,0.0,0.0,1.0,1.0,0.0,0.0,0.0,0.0,0.0,0.0,7.283508498253966e-07,4.397957362588121e-07,0.9999999999997348,0.9999999999998617
215,0.011013507843017578,0.010043310245294222,0.0,0.0,1.0,1.0,0.0,0.0,0.0,0.0,0.0,0.0,1.5129877506403436e-07,4.398248124447155e-07,0.9999999999999886,0.9999999999998617
216,0.009764909744262695,0.01004267233489314,0.0,0.0,1.0,1.0,0.0,0.0,0.0,0.0,0.0,0.0,1.5121596708134124e-07,4.398248124447155e-07,0.9999999999999886,0.9999999999998617
217,0.01246786117553711,0.010042941340494447,0.0,0.0,1.0,1.0,0.0,0.0,0.0,0.0,0.0,0.0,1.4997399272855963e-07,1.512573710726878e-07,0.9999999999999888,0.9999999999999886
218,0.010037899017333984,0.01004210202173895,0.0,0.0,1.0,1.0,0.0,0.0,0.0,0.0,0.0,0.0,1.0982049021277547e-06,1.512573710726878e-07,0.9999999999993969,0.9999999999999886
219,0.011368751525878906,0.01004225919583775,0.0,0.0,1.0,1.0,0.0,0.0,0.0,0.0,0.0,0.0,9.21443116178657e-07,5.363295416299991e-07,0.9999999999995755,0.999999999999782
220,0.008478164672851562,0.010041757607559779,0.0,0.0,1.0,1.0,0.0,0.0,0.0,0.0,0.0,0.0,1.5127873997933197e-07,5.363609280789945e-07,0.9999999999999886,0.999999999999782
221,0.011690616607666016,0.010041967288297973,0.0,0.0,1.0,1.0,0.0,0.0,0.0,0.0,0.0,0.0,2.4804214591787597e-07,5.847426310482665e-07,0.9999999999999692,0.9999999999997724
222,0.008720636367797852,0.01004126497169855,0.0,0.0,1.0,1.0,0.0,0.0,0.0,0.0,0.0,0.0,1.3493460793156945e-08,1.9966044294860397e-07,0.9999999999999999,0.9999999999999789
223,0.00789332389831543,0.010040969011004867,0.0,0.0,1.0,1.0,0.0,0.0,0.0,0.0,0.0,0.0,1.0316567477686522e-06,1.9966044294860397e-07,0.9999999999994679,0.9999999999999789
224,0.00919032096862793,0.010041432400174381,0.0,0.0,1.0,1.0,0.0,0.0,0.0,0.0,0.0,0.0,1.5111304718651244e-07,1.995775965521942e-07,0.9999999999999886,0.9999999999999789
225,0.012291431427001953,0.010041837631655021,0.0,0.0,1.0,1.0,0.0,0.0,0.0,0.0,0.0,0.0,1.4363717690062687e-07,1.4737511204356967e-07,0.9999999999999897,0.9999999999999891
226,0.011255979537963867,0.010041513576705982,0.0,0.0,1.0,1.0,0.0,0.0,0.0,0.0,0.0,0.0,1.3502523321662355e-08,1.4737511204356967e-07,0.9999999999999999,0.9999999999999891
227,0.010028600692749023,0.010040341811216744,0.0,0.0,1.0,1.0,0.0,0.0,0.0,0.0,0.0,0.0,1.0981874085656003e-06,1.4737511204356967e-07,0.9999999999993969,0.9999999999999891
228,0.011534690856933594,0.010040806820653933,0.0,0.0,1.0,1.0,0.0,0.0,0.0,0.0,0.0,0.0,3.632654798805754e-07,2.5345132839060113e-07,0.999999999999934,0.9999999999999618
229,0.01036381721496582,0.010040348070932044,0.0,0.0,1.0,1.0,0.0,0.0,0.0,0.0,0.0,0.0,1.3503554274763022e-08,1.883845170776692e-07,0.9999999999999999,0.9999999999999669
230,0.010632753372192383,0.010040267322763674,0.0,0.0,1.0,1.0,0.0,0.0,0.0,0.0,0.0,0.0,5.405768835675316e-07,4.5192118172405354e-07,0.9999999999998539,0.999999999999894
231,0.007829427719116211,0.010039477706326214,0.0,0.0,1.0,1.0,0.0,0.0,0.0,0.0,0.0,0.0,1.512093512623375e-07,2.5723741557145643e-07,0.9999999999999886,0.9999999999999614
232,0.011008739471435547,0.010040035021037376,0.0,0.0,1.0,1.0,0.0,0.0,0.0,0.0,0.0,0.0,8.674213872915583e-08,1.1897574499574667e-07,0.9999999999999962,0.9999999999999925
233,0.0075037479400634766,0.010038973625581132,0.0,0.0,1.0,1.0,0.0,0.0,0.0,0.0,0.0,0.0,4.326254692862996e-08,1.1897574499574667e-07,0.999999999999999,0.9999999999999925
234,0.009176015853881836,0.01003918716450645,0.0,0.0,1.0,1.0,0.0,0.0,0.0,0.0,0.0,0.0,7.095981249260437e-07,1.1897574499574667e-07,0.9999999999997482,0.9999999999999925
235,0.010380268096923828,0.010039285442686684,0.0,0.0,1.0,1.0,0.0,0.0,0.0,0.0,0.0,0.0,9.688293345355688e-08,9.181253609135636e-08,0.9999999999999953,0.9999999999999958
236,0.00988149642944336,0.0100391206159472,0.0,0.0,1.0,1.0,0.0,0.0,0.0,0.0,0.0,0.0,7.864933371237726e-09,7.007274019109342e-08,1.0,0.9999999999999971
237,0.012337446212768555,0.010039648760256703,0.0,0.0,1.0,1.0,0.0,0.0,0.0,0.0,0.0,0.0,7.091142608661137e-07,4.029985971598353e-07,0.9999999999997485,0.9999999999998719
238,0.0057218074798583984,0.010038342912374177,0.0,0.0,1.0,1.0,0.0,0.0,0.0,0.0,0.0,0.0,4.830290324423259e-07,2.8995598294794143e-07,0.9999999999998833,0.9999999999999394
239,0.010479211807250977,0.010038670323427937,0.0,0.0,1.0,1.0,0.0,0.0,0.0,0.0,0.0,0.0,8.369292890793297e-08,2.8336098067512944e-07,0.9999999999999964,0.9999999999999398
240,0.007813453674316406,0.010038733736972736,0.0,0.0,1.0,1.0,0.0,0.0,0.0,0.0,0.0,0.0,7.092834584109771e-07,5.960716466542198e-07,0.9999999999997484,0.9999999999998159
241,0.010415792465209961,0.010038469980478389,0.0,0.0,1.0,1.0,0.0,0.0,0.0,0.0,0.0,0.0,9.70523472698658e-08,2.9004068985609586e-07,0.9999999999999952,0.9999999999999393
242,0.00896143913269043,0.01003791887710513,0.0,0.0,1.0,1.0,0.0,0.0,0.0,0.0,0.0,0.0,9.604378701971444e-08,9.654806714479012e-08,0.9999999999999953,0.9999999999999953
243,0.01230168342590332,0.010039157859353078,0.0,0.0,1.0,1.0,0.0,0.0,0.0,0.0,0.0,0.0,7.091992235696528e-07,4.031257854197593e-07,0.9999999999997485,0.9999999999998719
244,0.00953984260559082,0.010038032031925876,0.0,0.0,1.0,1.0,0.0,0.0,0.0,0.0,0.0,0.0,6.076767644645719e-07,3.523645558672188e-07,0.9999999999998154,0.9999999999999053
245,0.009240150451660156,0.010037794878181416,0.0,0.0,1.0,1.0,0.0,0.0,0.0,0.0,0.0,0.0,9.705704573370601e-08,3.5236690509913893e-07,0.9999999999999952,0.9999999999999053
246,0.010128498077392578,0.010037876182597634,0.0,0.0,1.0,1.0,0.0,0.0,0.0,0.0,0.0,0.0,7.093338088015004e-07,6.584379940171123e-07,0.9999999999997484,0.999999999999782
247,0.009948492050170898,0.010037627819936444,0.0,0.0,1.0,1.0,0.0,0.0,0.0,0.0,0.0,0.0,1.7255801330674424e-07,3.90117388885658e-07,0.9999999999999851,0.9999999999999003
248,0.009039640426635742,0.010037286407173248,0.0,0.0,1.0,1.0,0.0,0.0,0.0,0.0,0.0,0.0,7.784060341839542e-07,4.409459110541223e-07,0.999999999999697,0.9999999999998668
249,0.008746862411499023,0.01003716973697438,0.0,0.0,1.0,1.0,0.0,0.0,0.0,0.0,0.0,0.0,1.2444049857229773e-07,4.409459110541223e-07,0.9999999999999922,0.9999999999998668
250,0.010158300399780273,0.010036868279412945,0.0,0.0,1.0,1.0,0.0,0.0,0.0,0.0,0.0,0.0,5.154445363863886e-07,3.440012748465664e-07,0.9999999999998671,0.9999999999999261
251,0.010229825973510742,0.010037154191056578,0.0,0.0,1.0,1.0,0.0,0.0,0.0,0.0,0.0,0.0,1.7930336148404162e-07,3.473739489352151e-07,0.9999999999999839,0.9999999999999255
252,0.007710695266723633,0.0100366888081141,0.0,0.0,1.0,1.0,0.0,0.0,0.0,0.0,0.0,0.0,5.452435614117235e-09,1.5187193002816968e-07,1.0,0.999999999999988
253,0.010990619659423828,0.010036880777369077,0.0,0.0,1.0,1.0,0.0,0.0,0.0,0.0,0.0,0.0,2.1274405795711402e-07,1.9602370972057782e-07,0.9999999999999774,0.9999999999999807
254,0.011256933212280273,0.010037013752071638,0.0,0.0,1.0,1.0,0.0,0.0,0.0,0.0,0.0,0.0,7.01175775219553e-08,1.2471046950299846e-07,0.9999999999999976,0.9999999999999907
255,0.011756181716918945,0.010036750569108115,0.0,0.0,1.0,1.0,0.0,0.0,0.0,0.0,0.0,0.0,7.08919003500282e-07,1.4143081773953466e-07,0.9999999999997488,0.9999999999999875
256,0.009658336639404297,0.010036130148485584,0.0,0.0,1.0,1.0,0.0,0.0,0.0,0.0,0.0,0.0,3.719412674374263e-07,2.9234266269727017e-07,0.9999999999999308,0.999999999999954
257,0.012465953826904297,0.01003697861294325,0.0,0.0,1.0,1.0,0.0,0.0,0.0,0.0,0.0,0.0,9.735152040057918e-08,2.3464639391900273e-07,0.9999999999999952,0.999999999999963
258,0.009345293045043945,0.010035624819963236,0.0,0.0,1.0,1.0,0.0,0.0,0.0,0.0,0.0,0.0,9.749094620481444e-08,2.347161068211204e-07,0.9999999999999952,0.999999999999963
259,0.007981061935424805,0.010035190184441949,0.0,0.0,1.0,1.0,0.0,0.0,0.0,0.0,0.0,0.0,7.091973113215152e-07,2.347161068211204e-07,0.9999999999997485,0.999999999999963
260,0.012220621109008789,0.010036041265015897,0.0,0.0,1.0,1.0,0.0,0.0,0.0,0.0,0.0,0.0,4.959811392702172e-07,2.9673604273751586e-07,0.999999999999877,0.999999999999936
261,0.008872509002685547,0.010035239869779066,0.0,0.0,1.0,1.0,0.0,0.0,0.0,0.0,0.0,0.0,9.749241991485733e-08,2.967367795925373e-07,0.9999999999999952,0.999999999999936
262,0.008665084838867188,0.010035269272461888,0.0,0.0,1.0,1.0,0.0,0.0,0.0,0.0,0.0,0.0,9.749943208348086e-08,2.9674028567684907e-07,0.9999999999999952,0.999999999999936
263,0.007805347442626953,0.01003444787137997,0.0,0.0,1.0,1.0,0.0,0.0,0.0,0.0,0.0,0.0,9.695428817516602e-08,9.74959259991691e-08,0.9999999999999953,0.9999999999999952
264,0.009033441543579102,0.010034821099063677,0.0,0.0,1.0,1.0,0.0,0.0,0.0,0.0,0.0,0.0,8.580750998632425e-09,9.722335404501168e-08,1.0,0.9999999999999953
265,0.009266138076782227,0.010034715769738996,0.0,0.0,1.0,1.0,0.0,0.0,0.0,0.0,0.0,0.0,7.093782643518525e-07,9.722686012932345e-08,0.9999999999997484,0.9999999999999953
266,0.011039495468139648,0.01003508874913049,0.0,0.0,1.0,1.0,0.0,0.0,0.0,0.0,0.0,0.0,6.197656880275235e-07,3.583599881013448e-07,0.9999999999998079,0.9999999999999016
267,0.009865999221801758,0.01003522251441542,0.0,0.0,1.0,1.0,0.0,0.0,0.0,0.0,0.0,0.0,9.746856322045958e-08,3.5861712562399156e-07,0.9999999999999952,0.9999999999999016
268,0.013240337371826172,0.010035503015946847,0.0,0.0,1.0,1.0,0.0,0.0,0.0,0.0,0.0,0.0,9.07327401400203e-08,3.5861712562399156e-07,0.9999999999999959,0.9999999999999016
269,0.010489225387573242,0.010034458276107537,0.0,0.0,1.0,1.0,0.0,0.0,0.0,0.0,0.0,0.0,1.3676997601730848e-07,1.1711926961888403e-07,0.9999999999999907,0.9999999999999929
270,0.009568452835083008,0.010034202849715438,0.0,0.0,1.0,1.0,0.0,0.0,0.0,0.0,0.0,0.0,8.60968718541244e-09,9.410065168023994e-08,1.0,0.9999999999999956
271,0.013099431991577148,0.010035087664922079,0.0,0.0,1.0,1.0,0.0,0.0,0.0,0.0,0.0,0.0,7.093158147508065e-07,1.1375135807866439e-07,0.9999999999997484,0.9999999999999933
272,0.011132955551147461,0.010034328060893457,0.0,0.0,1.0,1.0,0.0,0.0,0.0,0.0,0.0,0.0,6.953834891274462e-07,4.1607673257237733e-07,0.9999999999997582,0.9999999999998744
273,0.009180545806884766,0.010033589405907366,0.0,0.0,1.0,1.0,0.0,0.0,0.0,0.0,0.0,0.0,9.755808205724734e-08,3.964707855923468e-07,0.9999999999999952,0.9999999999998768
274,0.01905226707458496,0.010092357704947303,0.0,0.0,1.0,1.0,0.0,0.0,0.0,0.0,0.0,0.0,1.8885461999710717e-07,4.421190545622767e-07,0.9999999999999821,0.9999999999998701
275,0.01060938835144043,0.010108902609030941,0.0,0.0,1.0,1.0,0.0,0.0,0.0,0.0,0.0,0.0,2.3746957335960475e-07,2.1316209667835596e-07,0.9999999999999718,0.9999999999999769
276,0.010098934173583984,0.010108146503851157,0.0,0.0,1.0,1.0,0.0,0.0,0.0,0.0,0.0,0.0,9.765773412162546e-08,1.4325617705936632e-07,0.9999999999999952,0.9999999999999887
277,0.010613679885864258,0.010107779298484481,0.0,0.0,1.0,1.0,0.0,0.0,0.0,0.0,0.0,0.0,9.412216578888147e-08,1.4325617705936632e-07,0.9999999999999956,0.9999999999999887
278,0.011886358261108398,0.010135318038184876,0.0,0.0,1.0,1.0,0.0,0.0,0.0,0.0,0.0,0.0,9.037891242068438e-07,1.675636537406151e-07,0.9999999999995915,0.9999999999999836
279,0.009621143341064453,0.010133720676710102,0.0,0.0,1.0,1.0,0.0,0.0,0.0,0.0,0.0,0.0,4.904245554692853e-07,2.940411447954554e-07,0.9999999999998798,0.9999999999999375
280,0.00989389419555664,0.010132954670832707,0.0,0.0,1.0,1.0,0.0,0.0,0.0,0.0,0.0,0.0,6.721944427426311e-08,2.922733606290834e-07,0.9999999999999978,0.9999999999999376
281,0.00905156135559082,0.010132412042526436,0.0,0.0,1.0,1.0,0.0,0.0,0.0,0.0,0.0,0.0,9.036353136869674e-07,6.970299345781264e-07,0.9999999999995917,0.9999999999997358
282,0.009541988372802734,0.010132732113963198,0.0,0.0,1.0,1.0,0.0,0.0,0.0,0.0,0.0,0.0,1.247858765207607e-07,3.07605215995023e-07,0.9999999999999922,0.999999999999936
283,0.013317108154296875,0.010151396740923871,0.0,0.0,1.0,1.0,0.0,0.0,0.0,0.0,0.0,0.0,1.1495538743133703e-08,9.60026603975119e-08,0.9999999999999999,0.999999999999995
284,0.014412403106689453,0.01015195595223244,0.0,0.0,1.0,1.0,0.0,0.0,0.0,0.0,0.0,0.0,9.036216190859586e-07,5.142037478033596e-07,0.9999999999995918,0.9999999999997919
285,0.008622884750366211,0.010224824047293421,0.0,0.0,1.0,1.0,0.0,0.0,0.0,0.0,0.0,0.0,7.030541304686716e-08,9.754564478381393e-08,0.9999999999999976,0.9999999999999949
286,0.014728069305419922,0.010226435226276651,0.0,0.0,1.0,1.0,0.0,0.0,0.0,0.0,0.0,0.0,1.4902197409476814e-07,1.0966369357081765e-07,0.9999999999999889,0.9999999999999932
287,0.010609149932861328,0.010224419044437551,0.0,0.0,1.0,1.0,0.0,0.0,0.0,0.0,0.0,0.0,3.210283991972263e-07,2.350251866459972e-07,0.9999999999999485,0.9999999999999687
288,0.012015581130981445,0.01022530085331685,0.0,0.0,1.0,1.0,0.0,0.0,0.0,0.0,0.0,0.0,3.2030949198170504e-07,2.346657330382366e-07,0.9999999999999487,0.9999999999999688
289,0.04775047302246094,0.010236757462609521,0.0,0.0,1.0,1.0,0.0,0.0,0.0,0.0,0.0,0.0,4.3161235918631746e-08,2.346657330382366e-07,0.999999999999999,0.9999999999999688
290,0.008012533187866211,0.010237384155397933,0.0,0.0,1.0,1.0,0.0,0.0,0.0,0.0,0.0,0.0,3.6379640830715575e-08,1.817353639501684e-07,0.9999999999999993,0.9999999999999738
291,0.00997781753540039,0.010236321428072062,0.0,0.0,1.0,1.0,0.0,0.0,0.0,0.0,0.0,0.0,3.205564316210942e-07,1.817353639501684e-07,0.9999999999999486,0.9999999999999738
292,0.010921955108642578,0.010236159918379742,0.0,0.0,1.0,1.0,0.0,0.0,0.0,0.0,0.0,0.0,1.228421754587914e-07,8.300170568871158e-08,0.9999999999999925,0.9999999999999958
293,0.01037454605102539,0.010234837944867776,0.0,0.0,1.0,1.0,0.0,0.0,0.0,0.0,0.0,0.0,8.405761206077866e-08,1.0344989375978503e-07,0.9999999999999964,0.9999999999999944
294,0.01193690299987793,0.010234497578627906,0.0,0.0,1.0,1.0,0.0,0.0,0.0,0.0,0.0,0.0,4.3365576907206105e-08,1.0344989375978503e-07,0.999999999999999,0.9999999999999944
295,0.008626937866210938,0.010232099840056347,0.0,0.0,1.0,1.0,0.0,0.0,0.0,0.0,0.0,0.0,3.205330503241957e-07,1.0344989375978503e-07,0.9999999999999486,0.9999999999999944
296,0.012462377548217773,0.010232745588755483,0.0,0.0,1.0,1.0,0.0,0.0,0.0,0.0,0.0,0.0,1.792154006518296e-07,1.3163650635630413e-07,0.9999999999999839,0.9999999999999902
297,0.010035276412963867,0.010231263301637802,0.0,0.0,1.0,1.0,0.0,0.0,0.0,0.0,0.0,0.0,4.344665138766857e-08,1.1133102601974908e-07,0.999999999999999,0.9999999999999915
298,0.012692689895629883,0.01023061489101296,0.0,0.0,1.0,1.0,0.0,0.0,0.0,0.0,0.0,0.0,4.35393250342031e-08,1.1137736284301635e-07,0.999999999999999,0.9999999999999915
299,0.01256418228149414,0.010229766185341573,0.0,0.0,1.0,1.0,0.0,0.0,0.0,0.0,0.0,0.0,3.368659129421303e-09,4.3492988210935835e-08,1.0,0.999999999999999
300,0.009917259216308594,0.010228983734849779,0.0,0.0,1.0,1.0,0.0,0.0,0.0,0.0,0.0,0.0,3.206105103625791e-07,4.3492988210935835e-08,0.9999999999999486,0.999999999999999
301,0.011063814163208008,0.01022848684905538,0.0,0.0,1.0,1.0,0.0,0.0,0.0,0.0,0.0,0.0,2.3553593428956372e-07,1.3953762966188342e-07,0.9999999999999722,0.9999999999999856
302,0.011450529098510742,0.010227487000860363,0.0,0.0,1.0,1.0,0.0,0.0,0.0,0.0,0.0,0.0,4.3594411636149744e-08,1.3956517296285674e-07,0.999999999999999,0.9999999999999856
303,0.009292364120483398,0.01023279440962596,0.0,0.0,1.0,1.0,0.0,0.0,0.0,0.0,0.0,0.0,4.3689264428437014e-08,1.3961259935900038e-07,0.999999999999999,0.9999999999999856
304,0.02172374725341797,0.010235726652784164,0.0,0.0,1.0,1.0,0.0,0.0,0.0,0.0,0.0,0.0,3.513403790122993e-09,4.364183803229338e-08,1.0,0.999999999999999
305,0.01202082633972168,0.010235973183185823,0.0,0.0,1.0,1.0,0.0,0.0,0.0,0.0,0.0,0.0,3.206941583400126e-07,4.364183803229338e-08,0.9999999999999486,0.999999999999999
306,0.011357545852661133,0.01023503072624795,0.0,0.0,1.0,1.0,0.0,0.0,0.0,0.0,0.0,0.0,2.917627807477909e-07,1.6772602258811396e-07,0.9999999999999575,0.9999999999999782
307,0.011544466018676758,0.01023452903913415,0.0,0.0,1.0,1.0,0.0,0.0,0.0,0.0,0.0,0.0,4.37003773168243e-08,1.677315790323076e-07,0.999999999999999,0.9999999999999782
308,0.011288881301879883,0.010232592025072472,0.0,0.0,1.0,1.0,0.0,0.0,0.0,0.0,0.0,0.0,7.271820694782755e-08,1.822404938478092e-07,0.9999999999999973,0.9999999999999774
309,0.007871389389038086,0.010230912233736648,0.0,0.0,1.0,1.0,0.0,0.0,0.0,0.0,0.0,0.0,3.0038508755751293e-07,1.822404938478092e-07,0.9999999999999549,0.9999999999999774
310,0.010396718978881836,0.010229209602856245,0.0,0.0,1.0,1.0,0.0,0.0,0.0,0.0,0.0,0.0,4.381890450488868e-08,5.826855572635811e-08,0.999999999999999,0.9999999999999982
311,0.009906530380249023,0.010228157587082455,0.0,0.0,1.0,1.0,0.0,0.0,0.0,0.0,0.0,0.0,3.694534456144538e-09,5.826855572635811e-08,1.0,0.9999999999999982
312,0.008713006973266602,0.010227347118098562,0.0,0.0,1.0,1.0,0.0,0.0,0.0,0.0,0.0,0.0,6.01254373741905e-08,5.197217093953959e-08,0.9999999999999982,0.9999999999999987
313,0.010046243667602539,0.01022741546878567,0.0,0.0,1.0,1.0,0.0,0.0,0.0,0.0,0.0,0.0,3.205983150067428e-07,5.197217093953959e-08,0.9999999999999486,0.9999999999999987
314,0.011800765991210938,0.010227417961333496,0.0,0.0,1.0,1.0,0.0,0.0,0.0,0.0,0.0,0.0,4.3895117318726307e-08,5.2010277346458405e-08,0.999999999999999,0.9999999999999987
315,0.010580301284790039,0.010225458991143011,0.0,0.0,1.0,1.0,0.0,0.0,0.0,0.0,0.0,0.0,3.2075957756560484e-07,1.9036187619046663e-07,0.9999999999999486,0.9999999999999734
316,0.008976459503173828,0.010225159956829176,0.0,0.0,1.0,1.0,0.0,0.0,0.0,0.0,0.0,0.0,1.8494716626637245e-07,2.527727406365576e-07,0.9999999999999829,0.9999999999999658
317,0.009624481201171875,0.010224163608673292,0.0,0.0,1.0,1.0,0.0,0.0,0.0,0.0,0.0,0.0,2.885838284396685e-08,1.1442114179254938e-07,0.9999999999999996,0.9999999999999909
318,0.009388208389282227,0.01022338592968048,0.0,0.0,1.0,1.0,0.0,0.0,0.0,0.0,0.0,0.0,3.206904699570802e-07,2.528188181117263e-07,0.9999999999999486,0.9999999999999658
319,0.009403705596923828,0.010223525313429753,0.0,0.0,1.0,1.0,0.0,0.0,0.0,0.0,0.0,0.0,4.394373132043938e-08,1.1444544879340592e-07,0.999999999999999,0.9999999999999909
320,0.014186620712280273,0.010223984794011192,0.0,0.0,1.0,1.0,0.0,0.0,0.0,0.0,0.0,0.0,3.786614577450109e-09,3.6401057082203116e-08,1.0,0.9999999999999993
321,0.010645389556884766,0.010221764369664458,0.0,0.0,1.0,1.0,0.0,0.0,0.0,0.0,0.0,0.0,3.2079330236633467e-07,1.823171006387598e-07,0.9999999999999485,0.9999999999999738
322,0.009275197982788086,0.0102216706223042,0.0,0.0,1.0,1.0,0.0,0.0,0.0,0.0,0.0,0.0,2.396086584033009e-07,1.4177619486187013e-07,0.9999999999999712,0.9999999999999851
323,0.03994464874267578,0.010230286941167307,0.0,0.0,1.0,1.0,0.0,0.0,0.0,0.0,0.0,0.0,4.3988978681852586e-08,1.4179881854257673e-07,0.999999999999999,0.9999999999999851
324,0.009692192077636719,0.010232674234760198,0.0,0.0,1.0,1.0,0.0,0.0,0.0,0.0,0.0,0.0,3.2073050326708056e-07,2.8016958083519075e-07,0.9999999999999486,0.9999999999999599
325,0.009925365447998047,0.010232549331861896,0.0,0.0,1.0,1.0,0.0,0.0,0.0,0.0,0.0,0.0,4.3985534547985594e-08,1.4179881854257673e-07,0.999999999999999,0.9999999999999851
326,0.008629083633422852,0.010230417557976355,0.0,0.0,1.0,1.0,0.0,0.0,0.0,0.0,0.0,0.0,4.398365338609267e-08,4.398725661491909e-08,0.999999999999999,0.999999999999999
327,0.010467767715454102,0.010229266731914939,0.0,0.0,1.0,1.0,0.0,0.0,0.0,0.0,0.0,0.0,3.206874183980747e-07,1.8233647647303016e-07,0.9999999999999486,0.9999999999999738
328,0.009242534637451172,0.010228605001537034,0.0,0.0,1.0,1.0,0.0,0.0,0.0,0.0,0.0,0.0,1.0070249654316304e-07,7.234401554557432e-08,0.9999999999999949,0.9999999999999969
329,0.009949445724487305,0.010227650459063913,0.0,0.0,1.0,1.0,0.0,0.0,0.0,0.0,0.0,0.0,3.848217966506695e-09,7.234307496462786e-08,1.0,0.9999999999999969
330,0.01042938232421875,0.010227602764303461,0.0,0.0,1.0,1.0,0.0,0.0,0.0,0.0,0.0,0.0,1.8214851705131042e-07,1.4142550679723672e-07,0.9999999999999833,0.9999999999999891
331,0.010935544967651367,0.010227272126832818,0.0,0.0,1.0,1.0,0.0,0.0,0.0,0.0,0.0,0.0,4.397552544332939e-08,7.233901099324622e-08,0.999999999999999,0.9999999999999969
332,0.009605884552001953,0.010225908805744697,0.0,0.0,1.0,1.0,0.0,0.0,0.0,0.0,0.0,0.0,3.2076186418094636e-07,1.130620212473199e-07,0.9999999999999486,0.9999999999999911
333,0.010849475860595703,0.010225789658975281,0.0,0.0,1.0,1.0,0.0,0.0,0.0,0.0,0.0,0.0,1.5655348907889735e-07,1.6935100306510388e-07,0.9999999999999877,0.9999999999999856
334,0.010318756103515625,0.010224782581468231,0.0,0.0,1.0,1.0,0.0,0.0,0.0,0.0,0.0,0.0,4.401403330689391e-08,1.0028376119289563e-07,0.999999999999999,0.9999999999999933
335,0.010668754577636719,0.010223972530561148,0.0,0.0,1.0,1.0,0.0,0.0,0.0,0.0,0.0,0.0,4.4049547121005617e-08,1.0030151809995148e-07,0.999999999999999,0.9999999999999933
336,0.010653018951416016,0.010222670978906279,0.0,0.0,1.0,1.0,0.0,0.0,0.0,0.0,0.0,0.0,3.2075558298316224e-07,1.0030151809995148e-07,0.9999999999999486,0.9999999999999933
337,0.01272273063659668,0.010222789329978136,0.0,0.0,1.0,1.0,0.0,0.0,0.0,0.0,0.0,0.0,2.137501905661916e-07,1.288998688435986e-07,0.9999999999999771,0.999999999999988
338,0.010169744491577148,0.010222019909097137,0.0,0.0,1.0,1.0,0.0,0.0,0.0,0.0,0.0,0.0,4.4041123858917786e-08,1.288998688435986e-07,0.999999999999999,0.999999999999988
339,0.010221004486083984,0.010220557060514503,0.0,0.0,1.0,1.0,0.0,0.0,0.0,0.0,0.0,0.0,4.408684706191933e-08,1.2891851881405546e-07,0.999999999999999,0.999999999999988
340,0.010639429092407227,0.010220272443298775,0.0,0.0,1.0,1.0,0.0,0.0,0.0,0.0,0.0,0.0,3.899067735346762e-09,4.406398546041856e-08,1.0,0.999999999999999
341,0.009650945663452148,0.01021954158193384,0.0,0.0,1.0,1.0,0.0,0.0,0.0,0.0,0.0,0.0,3.2070993549737096e-07,4.406398546041856e-08,0.9999999999999486,0.999999999999999
342,0.00816202163696289,0.010219037779835712,0.0,0.0,1.0,1.0,0.0,0.0,0.0,0.0,0.0,0.0,2.6902266582426014e-07,1.5655475644308974e-07,0.9999999999999638,0.9999999999999813
343,0.010483980178833008,0.010218672124295987,0.0,0.0,1.0,1.0,0.0,0.0,0.0,0.0,0.0,0.0,4.40638339149757e-08,1.5654324986961792e-07,0.999999999999999,0.9999999999999813
344,0.013378143310546875,0.010218757061009132,0.0,0.0,1.0,1.0,0.0,0.0,0.0,0.0,0.0,0.0,3.2062816957000877e-07,2.948254176971345e-07,0.9999999999999486,0.9999999999999563
345,0.009102106094360352,0.010217626947965457,0.0,0.0,1.0,1.0,0.0,0.0,0.0,0.0,0.0,0.0,9.55933717299093e-08,1.823080187770847e-07,0.9999999999999954,0.9999999999999796
346,0.011291265487670898,0.01021631593531638,0.0,0.0,1.0,1.0,0.0,0.0,0.0,0.0,0.0,0.0,2.0350124252873397e-07,1.4954730712932164e-07,0.9999999999999792,0.9999999999999873
347,0.007124423980712891,0.010215361751138956,0.0,0.0,1.0,1.0,0.0,0.0,0.0,0.0,0.0,0.0,4.404190256934726e-08,1.4954730712932164e-07,0.999999999999999,0.9999999999999873
348,0.007513761520385742,0.010214463542245256,0.0,0.0,1.0,1.0,0.0,0.0,0.0,0.0,0.0,0.0,3.2071779720865294e-07,1.4954730712932164e-07,0.9999999999999486,0.9999999999999873
349,0.010298967361450195,0.01021464419392556,0.0,0.0,1.0,1.0,0.0,0.0,0.0,0.0,0.0,0.0,1.5181694787282336e-07,1.7765909520077867e-07,0.9999999999999885,0.9999999999999838
350,0.010624885559082031,0.010213816571772201,0.0,0.0,1.0,1.0,0.0,0.0,0.0,0.0,0.0,0.0,9.354134226017292e-09,9.792942522108531e-08,0.9999999999999999,0.9999999999999938
351,0.010254144668579102,0.010212366429130305,0.0,0.0,1.0,1.0,0.0,0.0,0.0,0.0,0.0,0.0,4.4070311400190576e-08,9.794362963650697e-08,0.999999999999999,0.9999999999999938
352,0.011223793029785156,0.010212135328580913,0.0,0.0,1.0,1.0,0.0,0.0,0.0,0.0,0.0,0.0,3.2073819467015056e-07,9.794362963650697e-08,0.9999999999999486,0.9999999999999938
353,0.007723569869995117,0.010211194729471303,0.0,0.0,1.0,1.0,0.0,0.0,0.0,0.0,0.0,0.0,2.074347430193681e-07,1.2575252720977934e-07,0.9999999999999785,0.9999999999999887
354,0.010928153991699219,0.010210697764829564,0.0,0.0,1.0,1.0,0.0,0.0,0.0,0.0,0.0,0.0,4.401741660053915e-08,1.2575252720977934e-07,0.999999999999999,0.9999999999999887
355,0.00971841812133789,0.010209816055276214,0.0,0.0,1.0,1.0,0.0,0.0,0.0,0.0,0.0,0.0,3.206640777353388e-07,2.6404941037735346e-07,0.9999999999999486,0.9999999999999636
356,0.033756256103515625,0.0102162920023038,0.0,0.0,1.0,1.0,0.0,0.0,0.0,0.0,0.0,0.0,4.403326703261712e-08,1.257340050259926e-07,0.999999999999999,0.9999999999999887
357,0.008541345596313477,0.010219797786516634,0.0,0.0,1.0,1.0,0.0,0.0,0.0,0.0,0.0,0.0,3.916758029021139e-09,4.4025341816578134e-08,1.0,0.999999999999999
358,0.01075124740600586,0.0102201971324249,0.0,0.0,1.0,1.0,0.0,0.0,0.0,0.0,0.0,0.0,3.206229870489298e-07,1.8232812704077347e-07,0.9999999999999486,0.9999999999999738
359,0.006864070892333984,0.010219691537083254,0.0,0.0,1.0,1.0,0.0,0.0,0.0,0.0,0.0,0.0,2.640340836098866e-07,1.5403367532125186e-07,0.9999999999999651,0.999999999999982
360,0.011426925659179688,0.010219918110886135,0.0,0.0,1.0,1.0,0.0,0.0,0.0,0.0,0.0,0.0,4.404728226603538e-08,1.54040682937961e-07,0.999999999999999,0.999999999999982
361,0.009612798690795898,0.010218307659580619,0.0,0.0,1.0,1.0,0.0,0.0,0.0,0.0,0.0,0.0,3.2067688682246313e-07,2.923285353294082e-07,0.9999999999999486,0.9999999999999569
362,0.009918689727783203,0.01021828055048229,0.0,0.0,1.0,1.0,0.0,0.0,0.0,0.0,0.0,0.0,6.783770586461252e-08,1.6593589473724956e-07,0.9999999999999977,0.9999999999999813
363,0.009162187576293945,0.01021743311913879,0.0,0.0,1.0,1.0,0.0,0.0,0.0,0.0,0.0,0.0,3.922452807003651e-09,5.594249406532395e-08,1.0,0.9999999999999983
364,0.006208896636962891,0.010222126943511326,0.0,0.0,1.0,1.0,0.0,0.0,0.0,0.0,0.0,0.0,1.242200942027812e-08,4.012985764244532e-08,0.9999999999999999,0.9999999999999988
365,0.010856151580810547,0.010221947197108387,0.0,0.0,1.0,1.0,0.0,0.0,0.0,0.0,0.0,0.0,4.40293033143746e-08,2.822565636732636e-08,0.999999999999999,0.9999999999999994
366,0.011378049850463867,0.010221469731620662,0.0,0.0,1.0,1.0,0.0,0.0,0.0,0.0,0.0,0.0,3.206287160217815e-07,2.822565636732636e-08,0.9999999999999486,0.9999999999999994
367,0.012064695358276367,0.010221192416797219,0.0,0.0,1.0,1.0,0.0,0.0,0.0,0.0,0.0,0.0,1.2346961780479548e-07,8.374946055958504e-08,0.9999999999999923,0.9999999999999957
368,0.0067958831787109375,0.010220220331974924,0.0,0.0,1.0,1.0,0.0,0.0,0.0,0.0,0.0,0.0,4.4045228353439825e-08,8.375742307911765e-08,0.999999999999999,0.9999999999999957
369,0.010844230651855469,0.01022041461016113,0.0,0.0,1.0,1.0,0.0,0.0,0.0,0.0,0.0,0.0,3.958780214752265e-08,8.375742307911765e-08,0.9999999999999992,0.9999999999999957
370,0.0076904296875,0.010219725814777359,0.0,0.0,1.0,1.0,0.0,0.0,0.0,0.0,0.0,0.0,3.926857949920759e-09,4.181651525048124e-08,1.0,0.9999999999999991
371,0.008559465408325195,0.01021962169760338,0.0,0.0,1.0,1.0,0.0,0.0,0.0,0.0,0.0,0.0,8.353481780155424e-08,4.181651525048124e-08,0.9999999999999964,0.9999999999999991
372,0.010513782501220703,0.01021928989723937,0.0,0.0,1.0,1.0,0.0,0.0,0.0,0.0,0.0,0.0,4.4053117376208206e-08,4.182045976186543e-08,0.999999999999999,0.9999999999999991
373,0.009913921356201172,0.010218486279167986,0.0,0.0,1.0,1.0,0.0,0.0,0.0,0.0,0.0,0.0,3.206927541299311e-07,6.379396758888122e-08,0.9999999999999486,0.9999999999999978
374,0.009694337844848633,0.010217904460196402,0.0,0.0,1.0,1.0,0.0,0.0,0.0,0.0,0.0,0.0,1.8004439133897892e-07,1.3178960457026658e-07,0.9999999999999838,0.9999999999999901
375,0.009231328964233398,0.010217619071836057,0.0,0.0,1.0,1.0,0.0,0.0,0.0,0.0,0.0,0.0,4.4029898615960406e-08,1.1204875435759356e-07,0.999999999999999,0.9999999999999913
376,0.009650707244873047,0.01021608694179638,0.0,0.0,1.0,1.0,0.0,0.0,0.0,0.0,0.0,0.0,4.4081515548910475e-08,1.1206295344394469e-07,0.999999999999999,0.9999999999999913
377,0.009586811065673828,0.010215458434115175,0.0,0.0,1.0,1.0,0.0,0.0,0.0,0.0,0.0,0.0,3.2066783894890165e-07,1.1206295344394469e-07,0.9999999999999486,0.9999999999999913
378,0.013570547103881836,0.010215742430464034,0.0,0.0,1.0,1.0,0.0,0.0,0.0,0.0,0.0,0.0,2.361266090369363e-07,1.4010406229292338e-07,0.9999999999999721,0.9999999999999856
379,0.00725865364074707,0.010214358999646062,0.0,0.0,1.0,1.0,0.0,0.0,0.0,0.0,0.0,0.0,4.4020189937654663e-08,1.4010406229292338e-07,0.999999999999999,0.9999999999999856
380,0.010166168212890625,0.01021336669921875,0.0,0.0,1.0,1.0,0.0,0.0,0.0,0.0,0.0,0.0,4.402004916137514e-08,1.4007339948729546e-07,0.999999999999999,0.9999999999999856
381,0.0112457275390625,0.01021333634853363,0.0,0.0,1.0,1.0,0.0,0.0,0.0,0.0,0.0,0.0,3.924733649185441e-09,4.40201195495149e-08,1.0,0.999999999999999
382,0.00820612907409668,0.010212251759865898,0.0,0.0,1.0,1.0,0.0,0.0,0.0,0.0,0.0,0.0,3.206247587428325e-07,4.40201195495149e-08,0.9999999999999486,0.999999999999999
383,0.008147954940795898,0.010212001909253959,0.0,0.0,1.0,1.0,0.0,0.0,0.0,0.0,0.0,0.0,2.9135902274369306e-07,1.676895359525341e-07,0.9999999999999576,0.9999999999999782
384,0.008224964141845703,0.01021179301398141,0.0,0.0,1.0,1.0,0.0,0.0,0.0,0.0,0.0,0.0,4.405442055599451e-08,1.6770672164984378e-07,0.999999999999999,0.9999999999999782
385,0.008017539978027344,0.010210818036565051,0.0,0.0,1.0,1.0,0.0,0.0,0.0,0.0,0.0,0.0,3.9308045707286965e-09,1.6770672164984378e-07,1.0,0.9999999999999782
386,0.010646820068359375,0.01021126585419168,0.0,0.0,1.0,1.0,0.0,0.0,0.0,0.0,0.0,0.0,3.206994139137666e-07,1.6770672164984378e-07,0.9999999999999486,0.9999999999999782
387,0.009000778198242188,0.010210647444794144,0.0,0.0,1.0,1.0,0.0,0.0,0.0,0.0,0.0,0.0,9.572629070144168e-08,6.98903556287181e-08,0.9999999999999954,0.9999999999999972
388,0.011017799377441406,0.010210274773945646,0.0,0.0,1.0,1.0,0.0,0.0,0.0,0.0,0.0,0.0,3.924597091753412e-09,4.982854763608519e-08,1.0,0.9999999999999978
389,0.011061668395996094,0.010210001234302046,0.0,0.0,1.0,1.0,0.0,0.0,0.0,0.0,0.0,0.0,2.0574800513962675e-07,1.5073714792053422e-07,0.9999999999999788,0.9999999999999871
390,0.010437488555908203,0.010208527309199173,0.0,0.0,1.0,1.0,0.0,0.0,0.0,0.0,0.0,0.0,3.206662009258511e-07,1.5073714792053422e-07,0.9999999999999486,0.9999999999999871
391,0.01078653335571289,0.010208230458868496,0.0,0.0,1.0,1.0,0.0,0.0,0.0,0.0,0.0,0.0,1.5027448324622122e-07,1.7801124419292399e-07,0.9999999999999887,0.9999999999999838
392,0.00770115852355957,0.01020730980937345,0.0,0.0,1.0,1.0,0.0,0.0,0.0,0.0,0.0,0.0,9.700282740617301e-09,1.7801124419292399e-07,0.9999999999999999,0.9999999999999838
393,0.008466720581054688,0.010206101051310904,0.0,0.0,1.0,1.0,0.0,0.0,0.0,0.0,0.0,0.0,4.402002695691465e-08,9.714725510156793e-08,0.999999999999999,0.9999999999999938
394,0.006999015808105469,0.010205542458973078,0.0,0.0,1.0,1.0,0.0,0.0,0.0,0.0,0.0,0.0,3.926898362038855e-09,2.6860154848765976e-08,1.0,0.9999999999999994
395,0.010013103485107422,0.010205573866570719,0.0,0.0,1.0,1.0,0.0,0.0,0.0,0.0,0.0,0.0,3.2070946542894234e-07,2.6860154848765976e-08,0.9999999999999486,0.9999999999999994
396,0.006625652313232422,0.010205200119410307,0.0,0.0,1.0,1.0,0.0,0.0,0.0,0.0,0.0,0.0,2.0831193392741978e-07,1.261659804421672e-07,0.9999999999999782,0.9999999999999887
397,0.00980830192565918,0.010204700679730271,0.0,0.0,1.0,1.0,0.0,0.0,0.0,0.0,0.0,0.0,4.408042619807871e-08,1.2619618006274925e-07,0.999999999999999,0.9999999999999887
398,0.0073282718658447266,0.010204010472005727,0.0,0.0,1.0,1.0,0.0,0.0,0.0,0.0,0.0,0.0,3.206344205697266e-07,2.644731772485732e-07,0.9999999999999486,0.9999999999999634
399,0.011082887649536133,0.010204337252335303,0.0,0.0,1.0,1.0,0.0,0.0,0.0,0.0,0.0,0.0,4.404979470074011e-08,1.2619618006274925e-07,0.999999999999999,0.9999999999999887
400,0.008627891540527344,0.010203335854002666,0.0,0.0,1.0,1.0,0.0,0.0,0.0,0.0,0.0,0.0,3.931333703022233e-09,4.406511044940941e-08,1.0,0.999999999999999
401,0.012411832809448242,0.010203309678474942,0.0,0.0,1.0,1.0,0.0,0.0,0.0,0.0,0.0,0.0,3.2064513355578043e-07,1.8234210763523336e-07,0.9999999999999486,0.9999999999999738
402,0.008143424987792969,0.010202530702559515,0.0,0.0,1.0,1.0,0.0,0.0,0.0,0.0,0.0,0.0,2.641403487298772e-07,1.5409507171530865e-07,0.9999999999999651,0.999999999999982
403,0.011620044708251953,0.010202103732812284,0.0,0.0,1.0,1.0,0.0,0.0,0.0,0.0,0.0,0.0,4.402259334845837e-08,1.5408147103916779e-07,0.999999999999999,0.999999999999982
404,0.012470722198486328,0.010202147017798436,0.0,0.0,1.0,1.0,0.0,0.0,0.0,0.0,0.0,0.0,3.206407814815239e-07,2.923905651057005e-07,0.9999999999999486,0.9999999999999569
405,0.01065516471862793,0.010201574992557307,0.0,0.0,1.0,1.0,0.0,0.0,0.0,0.0,0.0,0.0,6.81748846038673e-08,1.6615761666687225e-07,0.9999999999999977,0.9999999999999813
406,0.006284475326538086,0.010200333057489611,0.0,0.0,1.0,1.0,0.0,0.0,0.0,0.0,0.0,0.0,3.929007341696433e-09,5.6098738976162836e-08,1.0,0.9999999999999983
407,0.00910043716430664,0.010200398360082286,0.0,0.0,1.0,1.0,0.0,0.0,0.0,0.0,0.0,0.0,3.2059217791590726e-07,1.9438353125988728e-07,0.9999999999999486,0.9999999999999731
408,0.007508516311645508,0.010199963673482998,0.0,0.0,1.0,1.0,0.0,0.0,0.0,0.0,0.0,0.0,3.201792734323647e-07,1.94177079018116e-07,0.9999999999999487,0.9999999999999731
409,0.010900259017944336,0.0102001850605011,0.0,0.0,1.0,1.0,0.0,0.0,0.0,0.0,0.0,0.0,4.403300657429554e-08,1.8210614000333012e-07,0.999999999999999,0.9999999999999738
410,0.010638952255249023,0.010198845461047908,0.0,0.0,1.0,1.0,0.0,0.0,0.0,0.0,0.0,0.0,3.9247032290745665e-09,1.8210614000333012e-07,1.0,0.9999999999999738
411,0.010682106018066406,0.010198267910740163,0.0,0.0,1.0,1.0,0.0,0.0,0.0,0.0,0.0,0.0,9.217649183079543e-08,6.810474920254549e-08,0.9999999999999958,0.9999999999999973
412,0.010146856307983398,0.010197559286046912,0.0,0.0,1.0,1.0,0.0,0.0,0.0,0.0,0.0,0.0,4.410330256554572e-08,4.406815456992063e-08,0.999999999999999,0.999999999999999
413,0.009766817092895508,0.010196434836422782,0.0,0.0,1.0,1.0,0.0,0.0,0.0,0.0,0.0,0.0,3.206151857337804e-07,6.813989719817058e-08,0.9999999999999486,0.9999999999999973
414,0.011343717575073242,0.010196552236796831,0.0,0.0,1.0,1.0,0.0,0.0,0.0,0.0,0.0,0.0,1.801584895177162e-07,1.361674906742558e-07,0.9999999999999838,0.9999999999999898
415,0.010506629943847656,0.01019629345220678,0.0,0.0,1.0,1.0,0.0,0.0,0.0,0.0,0.0,0.0,4.3980152852896026e-08,1.1213089604163096e-07,0.999999999999999,0.9999999999999913
416,0.011101007461547852,0.010195375535546279,0.0,0.0,1.0,1.0,0.0,0.0,0.0,0.0,0.0,0.0,4.396338648682274e-08,1.1206932118530611e-07,0.999999999999999,0.9999999999999913
417,0.008032560348510742,0.010194050397687745,0.0,0.0,1.0,1.0,0.0,0.0,0.0,0.0,0.0,0.0,3.205794576466249e-07,1.1206932118530611e-07,0.9999999999999486,0.9999999999999913
418,0.008095502853393555,0.010194027961775378,0.0,0.0,1.0,1.0,0.0,0.0,0.0,0.0,0.0,0.0,2.133891165797701e-07,1.2868463471633305e-07,0.9999999999999772,0.9999999999999881
419,0.009765148162841797,0.010193939185892988,0.0,0.0,1.0,1.0,0.0,0.0,0.0,0.0,0.0,0.0,4.390641761276015e-08,1.286762515332964e-07,0.999999999999999,0.9999999999999881
420,0.008545398712158203,0.010192744875528726,0.0,0.0,1.0,1.0,0.0,0.0,0.0,0.0,0.0,0.0,-3.4004110638363727e-10,1.286477670962651e-07,1.0,0.9999999999999881
421,0.010003805160522461,0.01019235426194688,0.0,0.0,1.0,1.0,0.0,0.0,0.0,0.0,0.0,0.0,2.498329759001177e-08,3.444485760138596e-08,0.9999999999999997,0.9999999999999993
422,0.010231256484985352,0.010192447098401877,0.0,0.0,1.0,1.0,0.0,0.0,0.0,0.0,0.0,0.0,3.027920092435465e-08,2.763124925718321e-08,0.9999999999999996,0.9999999999999996
423,0.010287284851074219,0.010192115481446485,0.0,0.0,1.0,1.0,0.0,0.0,0.0,0.0,0.0,0.0,3.2324853038722694e-07,2.763124925718321e-08,0.9999999999999477,0.9999999999999996
424,0.012471914291381836,0.01019221652845637,0.0,0.0,1.0,1.0,0.0,0.0,0.0,0.0,0.0,0.0,2.720326284348628e-07,1.5115591467960872e-07,0.999999999999963,0.9999999999999813
425,0.008060455322265625,0.010191389647397128,0.0,0.0,1.0,1.0,0.0,0.0,0.0,0.0,0.0,0.0,4.4242582708520204e-08,1.581376055716915e-07,0.999999999999999,0.999999999999981
426,0.00966501235961914,0.01019057591756185,0.0,0.0,1.0,1.0,0.0,0.0,0.0,0.0,0.0,0.0,3.8696281734473814e-09,1.581376055716915e-07,1.0,0.999999999999981
427,0.010398626327514648,0.010190180588221607,0.0,0.0,1.0,1.0,0.0,0.0,0.0,0.0,0.0,0.0,3.022858874324185e-08,3.7235585725881024e-08,0.9999999999999996,0.9999999999999993
428,0.006691932678222656,0.010189491885129808,0.0,0.0,1.0,1.0,0.0,0.0,0.0,0.0,0.0,0.0,3.026618145349924e-07,3.7235585725881024e-08,0.9999999999999541,0.9999999999999993
429,0.00845026969909668,0.01018930760963025,0.0,0.0,1.0,1.0,0.0,0.0,0.0,0.0,0.0,0.0,4.423304345024802e-08,3.723081609674493e-08,0.999999999999999,0.9999999999999993
430,0.009328842163085938,0.010188467306249283,0.0,0.0,1.0,1.0,0.0,0.0,0.0,0.0,0.0,0.0,3.829383254938534e-09,3.723081609674493e-08,1.0,0.9999999999999993
431,0.009706974029541016,0.010187924859669286,0.0,0.0,1.0,1.0,0.0,0.0,0.0,0.0,0.0,0.0,3.016861183091634e-08,3.720082764058218e-08,0.9999999999999996,0.9999999999999993
432,0.008855342864990234,0.010187373504227624,0.0,0.0,1.0,1.0,0.0,0.0,0.0,0.0,0.0,0.0,7.923769817475355e-08,3.720082764058218e-08,0.9999999999999969,0.9999999999999993
433,0.008304834365844727,0.010186868404673638,0.0,0.0,1.0,1.0,0.0,0.0,0.0,0.0,0.0,0.0,4.418989818510964e-08,3.717925500801299e-08,0.999999999999999,0.9999999999999993
434,0.01046609878540039,0.01018671394783856,0.0,0.0,1.0,1.0,0.0,0.0,0.0,0.0,0.0,0.0,3.205009491136171e-07,6.17137981799316e-08,0.9999999999999486,0.999999999999998
435,0.009256124496459961,0.010186067976413145,0.0,0.0,1.0,1.0,0.0,0.0,0.0,0.0,0.0,0.0,1.8548607455501413e-07,1.3236188636488383e-07,0.9999999999999828,0.9999999999999898
436,0.012571573257446289,0.010185967907828134,0.0,0.0,1.0,1.0,0.0,0.0,0.0,0.0,0.0,0.0,2.9181161014878743e-08,1.1483798637006188e-07,0.9999999999999996,0.9999999999999909
437,0.008905410766601562,0.010185062774905452,0.0,0.0,1.0,1.0,0.0,0.0,0.0,0.0,0.0,0.0,3.20549912169449e-07,2.529935118343156e-07,0.9999999999999486,0.9999999999999657
438,0.009650707244873047,0.010185092922053586,0.0,0.0,1.0,1.0,0.0,0.0,0.0,0.0,0.0,0.0,4.383877838520789e-08,1.1466242647011101e-07,0.999999999999999,0.9999999999999909
439,0.010639190673828125,0.01018459681541689,0.0,0.0,1.0,1.0,0.0,0.0,0.0,0.0,0.0,0.0,3.7975371736109764e-09,3.650996970004332e-08,1.0,0.9999999999999993
440,0.01260685920715332,0.010184692381055386,0.0,0.0,1.0,1.0,0.0,0.0,0.0,0.0,0.0,0.0,3.2053003207188095e-07,1.8218440522854442e-07,0.9999999999999486,0.9999999999999738
441,0.007261753082275391,0.01018385942017936,0.0,0.0,1.0,1.0,0.0,0.0,0.0,0.0,0.0,0.0,2.418908948600046e-07,1.4286483662260624e-07,0.9999999999999707,0.9999999999999849
442,0.012719869613647461,0.010184044739521971,0.0,0.0,1.0,1.0,0.0,0.0,0.0,0.0,0.0,0.0,4.385683682883723e-08,1.428738658444209e-07,0.999999999999999,0.9999999999999849
443,0.008680343627929688,0.010183031007954403,0.0,0.0,1.0,1.0,0.0,0.0,0.0,0.0,0.0,0.0,3.2057146159835696e-07,2.8121046346594277e-07,0.9999999999999486,0.9999999999999596
444,0.011459827423095703,0.010183295359441367,0.0,0.0,1.0,1.0,0.0,0.0,0.0,0.0,0.0,0.0,4.5953385646986226e-08,1.439221402534954e-07,0.9999999999999989,0.9999999999999848
445,0.01227879524230957,0.010182714896756043,0.0,0.0,1.0,1.0,0.0,0.0,0.0,0.0,0.0,0.0,3.2056025300874495e-07,1.8325681932786559e-07,0.9999999999999486,0.9999999999999738
446,0.006973981857299805,0.010181764422558815,0.0,0.0,1.0,1.0,0.0,0.0,0.0,0.0,0.0,0.0,2.9731078046887004e-07,3.089355167388075e-07,0.9999999999999558,0.9999999999999523
447,0.010335683822631836,0.010181864987720142,0.0,0.0,1.0,1.0,0.0,0.0,0.0,0.0,0.0,0.0,4.3895017620698695e-08,1.7163208305792813e-07,0.999999999999999,0.9999999999999774
448,0.009882688522338867,0.010180269168303894,0.0,0.0,1.0,1.0,0.0,0.0,0.0,0.0,0.0,0.0,3.0258666461335786e-08,1.7060289904478437e-07,0.9999999999999996,0.9999999999999774
449,0.012941360473632812,0.010180492811190121,0.0,0.0,1.0,1.0,0.0,0.0,0.0,0.0,0.0,0.0,1.9409369371023375e-07,1.1899435566546622e-07,0.9999999999999811,0.99999999999999
450,0.007982492446899414,0.010179728229394119,0.0,0.0,1.0,1.0,0.0,0.0,0.0,0.0,0.0,0.0,4.42519647592121e-08,4.40734911899554e-08,0.999999999999999,0.999999999999999
451,0.011761665344238281,0.010179374041973345,0.0,0.0,1.0,1.0,0.0,0.0,0.0,0.0,0.0,0.0,3.205636376346578e-07,1.1917282923472293e-07,0.9999999999999486,0.99999999999999
452,0.011128425598144531,0.01017897798678103,0.0,0.0,1.0,1.0,0.0,0.0,0.0,0.0,0.0,0.0,1.567856268667754e-07,1.7543966028850458e-07,0.9999999999999877,0.9999999999999845
453,0.009653329849243164,0.01017857167337622,0.0,0.0,1.0,1.0,0.0,0.0,0.0,0.0,0.0,0.0,4.38907707955849e-08,1.0051879581299376e-07,0.999999999999999,0.9999999999999933
454,0.009841442108154297,0.010177788257598876,0.0,0.0,1.0,1.0,0.0,0.0,0.0,0.0,0.0,0.0,4.387622731805152e-08,1.0033819883118016e-07,0.999999999999999,0.9999999999999933
455,0.009210824966430664,0.010177384406129959,0.0,0.0,1.0,1.0,0.0,0.0,0.0,0.0,0.0,0.0,3.839019324658466e-09,4.388349905681821e-08,1.0,0.999999999999999
456,0.009366512298583984,0.010176936776586855,0.0,0.0,1.0,1.0,0.0,0.0,0.0,0.0,0.0,0.0,3.2045475317765163e-07,4.388349905681821e-08,0.9999999999999486,0.999999999999999
457,0.009137868881225586,0.010176890352983909,0.0,0.0,1.0,1.0,0.0,0.0,0.0,0.0,0.0,0.0,2.1385245618491154e-07,1.2886434175148152e-07,0.9999999999999771,0.999999999999988
458,0.009504079818725586,0.010176619314989506,0.0,0.0,1.0,1.0,0.0,0.0,0.0,0.0,0.0,0.0,4.390363672612807e-08,1.288780464555198e-07,0.999999999999999,0.999999999999988
459,0.009497642517089844,0.010175828881316133,0.0,0.0,1.0,1.0,0.0,0.0,0.0,0.0,0.0,0.0,4.389305430230195e-08,1.288780464555198e-07,0.999999999999999,0.999999999999988
460,0.00988316535949707,0.010175164053685294,0.0,0.0,1.0,1.0,0.0,0.0,0.0,0.0,0.0,0.0,3.204494900543811e-07,1.288780464555198e-07,0.9999999999999486,0.999999999999988
461,0.011868476867675781,0.010175310407723655,0.0,0.0,1.0,1.0,0.0,0.0,0.0,0.0,0.0,0.0,2.697607383079781e-07,1.5683218751705308e-07,0.9999999999999636,0.9999999999999813
462,0.008234977722167969,0.010174610677244362,0.0,0.0,1.0,1.0,0.0,0.0,0.0,0.0,0.0,0.0,4.385613938673316e-08,1.5682689630514002e-07,0.999999999999999,0.9999999999999813
463,0.01104736328125,0.01017432083254275,0.0,0.0,1.0,1.0,0.0,0.0,0.0,0.0,0.0,0.0,4.0459871351009614e-08,1.5680843884735562e-07,0.9999999999999992,0.9999999999999813
464,0.011756181716918945,0.010173922557375694,0.0,0.0,1.0,1.0,0.0,0.0,0.0,0.0,0.0,0.0,3.875672227593441e-09,4.215800536887139e-08,1.0,0.9999999999999991
465,0.008102178573608398,0.0101731102489831,0.0,0.0,1.0,1.0,0.0,0.0,0.0,0.0,0.0,0.0,3.0060137359658636e-07,4.215800536887139e-08,0.9999999999999548,0.9999999999999991
466,0.010016202926635742,0.010172774621786361,0.0,0.0,1.0,1.0,0.0,0.0,0.0,0.0,0.0,0.0,4.3869542443175646e-08,4.2164706897092634e-08,0.999999999999999,0.9999999999999991
467,0.006986856460571289,0.010171948043248986,0.0,0.0,1.0,1.0,0.0,0.0,0.0,0.0,0.0,0.0,1.2931932676473823e-07,8.659443460395694e-08,0.9999999999999917,0.9999999999999953
468,0.010727167129516602,0.010171670156487067,0.0,0.0,1.0,1.0,0.0,0.0,0.0,0.0,0.0,0.0,3.88386323102452e-09,8.659443460395694e-08,1.0,0.9999999999999953
469,0.010147809982299805,0.010171273199438053,0.0,0.0,1.0,1.0,0.0,0.0,0.0,0.0,0.0,0.0,1.5600875745097977e-07,8.659443460395694e-08,0.9999999999999878,0.9999999999999953
470,0.009965181350708008,0.01017097963227166,0.0,0.0,1.0,1.0,0.0,0.0,0.0,0.0,0.0,0.0,4.3882475431189505e-08,8.660090109796387e-08,0.999999999999999,0.9999999999999953
471,0.0076444149017333984,0.01017022706092672,0.0,0.0,1.0,1.0,0.0,0.0,0.0,0.0,0.0,0.0,3.892796307525259e-09,2.3887635869357382e-08,1.0,0.9999999999999996
472,0.012169837951660156,0.010170301611509546,0.0,0.0,1.0,1.0,0.0,0.0,0.0,0.0,0.0,0.0,1.1694093125357949e-07,8.04117033423845e-08,0.9999999999999931,0.999999999999996
473,0.008876323699951172,0.010169010837788813,0.0,0.0,1.0,1.0,0.0,0.0,0.0,0.0,0.0,0.0,4.419402199751231e-08,4.403824871435091e-08,0.999999999999999,0.999999999999999
474,0.01197504997253418,0.010169248540693194,0.0,0.0,1.0,1.0,0.0,0.0,0.0,0.0,0.0,0.0,3.204877685458687e-07,8.056747662554589e-08,0.9999999999999486,0.999999999999996
475,0.007776737213134766,0.010168371210610778,0.0,0.0,1.0,1.0,0.0,0.0,0.0,0.0,0.0,0.0,2.187133659388452e-07,1.6782714859621235e-07,0.999999999999976,0.9999999999999846
476,0.009301424026489258,0.01017006973079033,0.0,0.0,1.0,1.0,0.0,0.0,0.0,0.0,0.0,0.0,4.385039154009007e-08,1.3145369396817875e-07,0.999999999999999,0.9999999999999876
477,0.008631467819213867,0.010169841378808496,0.0,0.0,1.0,1.0,0.0,0.0,0.0,0.0,0.0,0.0,3.205010228324259e-07,2.6960056724235696e-07,0.9999999999999486,0.9999999999999623
478,0.011822700500488281,0.010169936835553455,0.0,0.0,1.0,1.0,0.0,0.0,0.0,0.0,0.0,0.0,4.388008756350814e-08,1.3129672675117666e-07,0.999999999999999,0.9999999999999876
479,0.012754678726196289,0.010169631281335162,0.0,0.0,1.0,1.0,0.0,0.0,0.0,0.0,0.0,0.0,3.204408161039343e-07,1.8216045183372122e-07,0.9999999999999486,0.9999999999999738
480,0.010679960250854492,0.010169146555286673,0.0,0.0,1.0,1.0,0.0,0.0,0.0,0.0,0.0,0.0,2.7476927703515524e-07,2.9760504656954475e-07,0.9999999999999623,0.9999999999999554
481,0.009562253952026367,0.010168438469404292,0.0,0.0,1.0,1.0,0.0,0.0,0.0,0.0,0.0,0.0,4.383442564481754e-08,1.593246822993317e-07,0.999999999999999,0.9999999999999807
482,0.011138200759887695,0.01016826549489658,0.0,0.0,1.0,1.0,0.0,0.0,0.0,0.0,0.0,0.0,3.204618350682811e-07,2.9760504656954475e-07,0.9999999999999486,0.9999999999999554
483,0.0034918785095214844,0.010167758312988915,0.0,0.0,1.0,1.0,0.0,0.0,0.0,0.0,0.0,0.0,7.974837517888064e-08,1.7725882610701794e-07,0.9999999999999968,0.9999999999999796
484,0.010345935821533203,0.01016742273115082,0.0,0.0,1.0,1.0,0.0,0.0,0.0,0.0,0.0,0.0,2.742292373327678e-07,1.7698880625582423e-07,0.9999999999999624,0.9999999999999796
485,0.011301517486572266,0.010167177841082679,0.0,0.0,1.0,1.0,0.0,0.0,0.0,0.0,0.0,0.0,4.388147356593208e-08,1.7698880625582423e-07,0.999999999999999,0.9999999999999796
486,0.007094383239746094,0.010166286859063794,0.0,0.0,1.0,1.0,0.0,0.0,0.0,0.0,0.0,0.0,3.2043765241240333e-07,1.7698880625582423e-07,0.9999999999999486,0.9999999999999796
487,0.008948087692260742,0.01016626233708024,0.0,0.0,1.0,1.0,0.0,0.0,0.0,0.0,0.0,0.0,1.3558743138329454e-07,2.0490833435803118e-07,0.9999999999999908,0.9999999999999766
488,0.008488893508911133,0.01016558735715414,0.0,0.0,1.0,1.0,0.0,0.0,0.0,0.0,0.0,0.0,3.883129817694453e-09,8.973445247461331e-08,1.0,0.9999999999999949
489,0.011713743209838867,0.010165899717790708,0.0,0.0,1.0,1.0,0.0,0.0,0.0,0.0,0.0,0.0,3.0412145194673554e-08,8.299978828898404e-08,0.9999999999999996,0.9999999999999951
490,0.010784387588500977,0.010165385699656623,0.0,0.0,1.0,1.0,0.0,0.0,0.0,0.0,0.0,0.0,4.3890886480824065e-08,3.7151515837748806e-08,0.999999999999999,0.9999999999999993
491,0.012167692184448242,0.010165043685658721,0.0,0.0,1.0,1.0,0.0,0.0,0.0,0.0,0.0,0.0,3.20511252871464e-07,3.7151515837748806e-08,0.9999999999999486,0.9999999999999993
492,0.010525703430175781,0.010164624330256678,0.0,0.0,1.0,1.0,0.0,0.0,0.0,0.0,0.0,0.0,1.916802121334122e-07,1.1778554930711813e-07,0.9999999999999816,0.9999999999999902
493,0.00886225700378418,0.010164267636138737,0.0,0.0,1.0,1.0,0.0,0.0,0.0,0.0,0.0,0.0,4.385827168107426e-08,1.1778554930711813e-07,0.999999999999999,0.9999999999999902
494,0.008392810821533203,0.010163752038831974,0.0,0.0,1.0,1.0,0.0,0.0,0.0,0.0,0.0,0.0,4.389960039929974e-08,1.1778990626635597e-07,0.999999999999999,0.9999999999999902
495,0.010015010833740234,0.010163479597488222,0.0,0.0,1.0,1.0,0.0,0.0,0.0,0.0,0.0,0.0,3.8955292325226765e-09,4.3878936040187e-08,1.0,0.999999999999999
496,0.007534980773925781,0.010162924826865614,0.0,0.0,1.0,1.0,0.0,0.0,0.0,0.0,0.0,0.0,3.2047043196925e-07,4.3878936040187e-08,0.9999999999999486,0.999999999999999
497,0.009155750274658203,0.010162909441947745,0.0,0.0,1.0,1.0,0.0,0.0,0.0,0.0,0.0,0.0,2.2526510354420205e-07,1.345823519717509e-07,0.9999999999999746,0.9999999999999868
498,0.009795427322387695,0.010162649443887471,0.0,0.0,1.0,1.0,0.0,0.0,0.0,0.0,0.0,0.0,4.3905404645272483e-08,1.3458525409473728e-07,0.999999999999999,0.9999999999999868
499,0.009508371353149414,0.010162029153801341,0.0,0.0,1.0,1.0,0.0,0.0,0.0,0.0,0.0,0.0,4.386515684018377e-08,1.3458525409473728e-07,0.999999999999999,0.9999999999999868
500,0.010788679122924805,0.010161826319741165,0.0,0.0,1.0,1.0,0.0,0.0,0.0,0.0,0.0,0.0,3.899010003749481e-09,4.388528074272813e-08,1.0,0.999999999999999
501,0.009150028228759766,0.010161356189881466,0.0,0.0,1.0,1.0,0.0,0.0,0.0,0.0,0.0,0.0,3.204592460281877e-07,4.388528074272813e-08,0.9999999999999486,0.999999999999999
502,0.011220455169677734,0.010161624299508835,0.0,0.0,1.0,1.0,0.0,0.0,0.0,0.0,0.0,0.0,2.8019832855324566e-07,1.6203174269671472e-07,0.9999999999999607,0.9999999999999798
503,0.008185863494873047,0.010160824962865526,0.0,0.0,1.0,1.0,0.0,0.0,0.0,0.0,0.0,0.0,4.386425134228489e-08,1.6203128994776527e-07,0.999999999999999,0.9999999999999798
504,0.010366439819335938,0.010160469446920787,0.0,0.0,1.0,1.0,0.0,0.0,0.0,0.0,0.0,0.0,8.57620023453928e-08,1.8298016544931925e-07,0.9999999999999963,0.9999999999999785
505,0.008460044860839844,0.010160091955875262,0.0,0.0,1.0,1.0,0.0,0.0,0.0,0.0,0.0,0.0,3.9041778698845064e-09,6.481312684383885e-08,1.0,0.9999999999999977
506,0.008397102355957031,0.010159722766228386,0.0,0.0,1.0,1.0,0.0,0.0,0.0,0.0,0.0,0.0,2.487026685182711e-07,6.481312684383885e-08,0.999999999999969,0.9999999999999977
507,0.01145625114440918,0.010159752222937283,0.0,0.0,1.0,1.0,0.0,0.0,0.0,0.0,0.0,0.0,4.391087915500691e-08,6.483644075019986e-08,0.999999999999999,0.9999999999999977
508,0.009254932403564453,0.01015931563472017,0.0,0.0,1.0,1.0,0.0,0.0,0.0,0.0,0.0,0.0,3.204751173324585e-07,1.4630677383663902e-07,0.9999999999999486,0.999999999999984
509,0.007570981979370117,0.010158754349878174,0.0,0.0,1.0,1.0,0.0,0.0,0.0,0.0,0.0,0.0,1.413333371226709e-07,1.9501800282047101e-07,0.99999999999999,0.9999999999999796
510,0.008724451065063477,0.010158434612313742,0.0,0.0,1.0,1.0,0.0,0.0,0.0,0.0,0.0,0.0,4.07943965496133e-09,9.26221081388389e-08,1.0,0.9999999999999944
511,0.009978532791137695,0.0101580247936669,0.0,0.0,1.0,1.0,0.0,0.0,0.0,0.0,0.0,0.0,4.3896781765084825e-08,9.261505944387786e-08,0.999999999999999,0.9999999999999944
512,0.012333393096923828,0.010158058362472008,0.0,0.0,1.0,1.0,0.0,0.0,0.0,0.0,0.0,0.0,3.9112741934133055e-09,2.3988110710023077e-08,1.0,0.9999999999999996
513,0.009966611862182617,0.010157585329546628,0.0,0.0,1.0,1.0,0.0,0.0,0.0,0.0,0.0,0.0,3.204889134078517e-07,2.3988110710023077e-08,0.9999999999999486,0.9999999999999996
514,0.008882761001586914,0.01015723409771363,0.0,0.0,1.0,1.0,0.0,0.0,0.0,0.0,0.0,0.0,1.9735346635877878e-07,1.206251240619318e-07,0.9999999999999805,0.9999999999999898
515,0.008626461029052734,0.010156973638976352,0.0,0.0,1.0,1.0,0.0,0.0,0.0,0.0,0.0,0.0,3.703857076766378e-08,1.1719601856322128e-07,0.9999999999999993,0.9999999999999899
516,0.01088094711303711,0.010156517209268303,0.0,0.0,1.0,1.0,0.0,0.0,0.0,0.0,0.0,0.0,4.3901109858524023e-08,1.206272881086514e-07,0.999999999999999,0.9999999999999898
517,0.008526086807250977,0.010156038294961443,0.0,0.0,1.0,1.0,0.0,0.0,0.0,0.0,0.0,0.0,3.204826317659784e-07,1.206272881086514e-07,0.9999999999999486,0.9999999999999898
518,0.006159543991088867,0.010155746833058013,0.0,0.0,1.0,1.0,0.0,0.0,0.0,0.0,0.0,0.0,2.3102382926594236e-07,1.3746246956223318e-07,0.9999999999999734,0.9999999999999862
519,0.011042356491088867,0.010155762608162523,0.0,0.0,1.0,1.0,0.0,0.0,0.0,0.0,0.0,0.0,4.389683305738856e-08,1.3746246956223318e-07,0.999999999999999,0.9999999999999862
520,0.008208036422729492,0.010155320281748526,0.0,0.0,1.0,1.0,0.0,0.0,0.0,0.0,0.0,0.0,3.2045836606541837e-07,2.7574109766568035e-07,0.9999999999999486,0.9999999999999609
521,0.010364294052124023,0.01015511405716863,0.0,0.0,1.0,1.0,0.0,0.0,0.0,0.0,0.0,0.0,4.387413121698103e-08,1.3746033116166545e-07,0.999999999999999,0.9999999999999862
522,0.010768890380859375,0.010154566206898391,0.0,0.0,1.0,1.0,0.0,0.0,0.0,0.0,0.0,0.0,3.9137977303482785e-09,4.3885482137184795e-08,1.0,0.999999999999999
523,0.009911298751831055,0.010154575820279427,0.0,0.0,1.0,1.0,0.0,0.0,0.0,0.0,0.0,0.0,3.204299423575865e-07,1.8215203678728377e-07,0.9999999999999486,0.9999999999999738
524,0.010027408599853516,0.010154431690067666,0.0,0.0,1.0,1.0,0.0,0.0,0.0,0.0,0.0,0.0,2.865916945234436e-07,1.652329128702123e-07,0.9999999999999589,0.9999999999999789
525,0.009029150009155273,0.010154363563524517,0.0,0.0,1.0,1.0,0.0,0.0,0.0,0.0,0.0,0.0,4.3886617895338986e-08,1.6523915620939128e-07,0.999999999999999,0.9999999999999789
